;activation1;activation2;batch_size;encoding;epochs;features;lr;model;n_hidden1;n_hidden2;mae;mse;mape;r2
0;relu;sigmoid;64;onehot;20;['val_last_day', 'thermal_consumption_kwh'];0.001;nn;500;50;0.40372727654559576;0.8874899186109516;1.1785972188032157;0.17873325661495787
1;relu;sigmoid;64;onehot;20;['val_last_week', 'thermal_consumption_kwh'];0.001;nn;500;50;0.4253611205732565;0.9331314326470328;1.4382047845946229;0.13649744434314903
2;relu;sigmoid;64;onehot;20;['mean_24h', 'thermal_consumption_kwh'];0.001;nn;500;50;0.5990218096667307;1.0681032644216282;0.9912841609319134;0.011597009526122193
3;relu;sigmoid;64;onehot;20;['month', 'thermal_consumption_kwh'];0.001;nn;500;50;0.6021079349351705;1.0794903448922804;1.1013651124033281;0.0010596160316328485
4;relu;sigmoid;64;onehot;20;['hour', 'thermal_consumption_kwh'];0.001;nn;500;50;0.47890289443794215;0.8616803605814278;1.1377530251716166;0.20261694388465656
5;relu;sigmoid;64;onehot;20;['weekday', 'thermal_consumption_kwh'];0.001;nn;500;50;0.616188129980242;1.0820970044639868;1.026385079255731;-0.0013525384871693191
6;relu;sigmoid;64;onehot;20;['day_continuous', 'thermal_consumption_kwh'];0.001;nn;500;50;0.6167588603081088;1.0840943792183997;1.0204247985543644;-0.00320087211381348
7;relu;sigmoid;64;onehot;20;['val_last_day', 'val_last_week', 'thermal_consumption_kwh'];0.001;nn;500;50;0.40205335788366586;0.837931544445086;1.278892432421896;0.22459365875041004
8;relu;sigmoid;64;onehot;20;['val_last_day', 'mean_24h', 'thermal_consumption_kwh'];0.001;nn;500;50;0.4117218490620206;0.8842154516509365;1.193789416764479;0.1817633877298922
9;relu;sigmoid;64;onehot;20;['val_last_day', 'month', 'thermal_consumption_kwh'];0.001;nn;500;50;0.4176312412303052;0.8645411591408244;1.2894765440309708;0.19996961385071832
10;relu;sigmoid;64;onehot;20;['val_last_day', 'hour', 'thermal_consumption_kwh'];0.001;nn;500;50;0.4174067245609345;0.7849758617314835;0.8613230797711581;0.27359786733229574
11;relu;sigmoid;64;onehot;20;['val_last_day', 'weekday', 'thermal_consumption_kwh'];0.001;nn;500;50;0.41592943528337833;0.8752942111568165;1.3100224219704995;0.19001893855240526
12;relu;sigmoid;64;onehot;20;['val_last_day', 'day_continuous', 'thermal_consumption_kwh'];0.001;nn;500;50;0.4072837112916158;0.8808984625438883;1.2139554505347316;0.18483286805261268
13;relu;sigmoid;64;onehot;20;['val_last_week', 'mean_24h', 'thermal_consumption_kwh'];0.001;nn;500;50;0.41349683117241715;0.9196364893712364;1.5095872133772072;0.1489854150613129
14;relu;sigmoid;64;onehot;20;['val_last_week', 'month', 'thermal_consumption_kwh'];0.001;nn;500;50;0.42080041659015893;0.9192755090464728;1.7179433605463423;0.14931945957216064
15;relu;sigmoid;64;onehot;20;['val_last_week', 'hour', 'thermal_consumption_kwh'];0.001;nn;500;50;0.43406966693415133;0.7976704189383454;1.0861294627949736;0.2618505590673048
16;relu;sigmoid;64;onehot;20;['val_last_week', 'weekday', 'thermal_consumption_kwh'];0.001;nn;500;50;0.4393229631970218;0.9272148836342726;1.3569105602101648;0.14197250928517424
17;relu;sigmoid;64;onehot;20;['val_last_week', 'day_continuous', 'thermal_consumption_kwh'];0.001;nn;500;50;0.41567216372695254;0.9287352056754229;1.4240724065398058;0.1405656314092134
18;relu;sigmoid;64;onehot;20;['mean_24h', 'month', 'thermal_consumption_kwh'];0.001;nn;500;50;0.5916777061444146;1.0773086764137627;1.0793428960049967;0.0030784916593158407
19;relu;sigmoid;64;onehot;20;['mean_24h', 'hour', 'thermal_consumption_kwh'];0.001;nn;500;50;0.46015373419779376;0.8061913123946602;1.189601159762549;0.25396548198321656
20;relu;sigmoid;64;onehot;20;['mean_24h', 'weekday', 'thermal_consumption_kwh'];0.001;nn;500;50;0.5982121540204406;1.0581628432914676;1.0344346705174539;0.02079569124435543
21;relu;sigmoid;64;onehot;20;['mean_24h', 'day_continuous', 'thermal_consumption_kwh'];0.001;nn;500;50;0.6052461652440121;1.0656505768367006;1.0276737404820553;0.013866681218356325
22;relu;sigmoid;64;onehot;20;['month', 'hour', 'thermal_consumption_kwh'];0.001;nn;500;50;0.41623492071545487;0.7455862846438578;1.489491829610348;0.31004825287436455
23;relu;sigmoid;64;onehot;20;['month', 'weekday', 'thermal_consumption_kwh'];0.001;nn;500;50;0.6079063818711571;1.0796109524353728;1.1579207622077954;0.0009480080436815586
24;relu;sigmoid;64;onehot;20;['month', 'day_continuous', 'thermal_consumption_kwh'];0.001;nn;500;50;0.6069869844068062;1.0771276857712953;1.132971595516274;0.003245977049747051
25;relu;sigmoid;64;onehot;20;['hour', 'weekday', 'thermal_consumption_kwh'];0.001;nn;500;50;0.4698583682312942;0.8495138782500011;1.1357381040779972;0.21387558143450203
26;relu;sigmoid;64;onehot;20;['hour', 'day_continuous', 'thermal_consumption_kwh'];0.001;nn;500;50;0.48715444617408415;0.8676035980975734;1.2298480175489517;0.19713568952540172
27;relu;sigmoid;64;onehot;20;['weekday', 'day_continuous', 'thermal_consumption_kwh'];0.001;nn;500;50;0.6087987311565748;1.0832198908125712;1.08475086632463;-0.0023916367297012187
28;relu;sigmoid;64;onehot;20;['val_last_day', 'val_last_week', 'mean_24h', 'thermal_consumption_kwh'];0.001;nn;500;50;0.4069635267097705;0.8386718702530764;1.4908158899766724;0.2239085749510089
29;relu;sigmoid;64;onehot;20;['val_last_day', 'val_last_week', 'month', 'thermal_consumption_kwh'];0.001;nn;500;50;0.4108829270337349;0.8221235904919483;1.5271143219493637;0.23922204673592506
30;relu;sigmoid;64;onehot;20;['val_last_day', 'val_last_week', 'hour', 'thermal_consumption_kwh'];0.001;nn;500;50;0.42300095148339245;0.7718866962089552;0.9570144854693446;0.2857103388284671
31;relu;sigmoid;64;onehot;20;['val_last_day', 'val_last_week', 'weekday', 'thermal_consumption_kwh'];0.001;nn;500;50;0.406649416551352;0.8282678094282636;1.2896656927139647;0.2335363002607761
32;relu;sigmoid;64;onehot;20;['val_last_day', 'val_last_week', 'day_continuous', 'thermal_consumption_kwh'];0.001;nn;500;50;0.4020551987540996;0.8254904245850918;1.2100683762801405;0.23610644078569465
33;relu;sigmoid;64;onehot;20;['val_last_day', 'mean_24h', 'month', 'thermal_consumption_kwh'];0.001;nn;500;50;0.4304495151039515;0.8838154485861861;1.3223930685666605;0.18213354316201902
34;relu;sigmoid;64;onehot;20;['val_last_day', 'mean_24h', 'hour', 'thermal_consumption_kwh'];0.001;nn;500;50;0.42445461409221485;0.7602952033786984;1.0438213475150069;0.29643689173689425
35;relu;sigmoid;64;onehot;20;['val_last_day', 'mean_24h', 'weekday', 'thermal_consumption_kwh'];0.001;nn;500;50;0.4128930405925578;0.8746744238674397;1.2831999455381997;0.1905924782378302
36;relu;sigmoid;64;onehot;20;['val_last_day', 'mean_24h', 'day_continuous', 'thermal_consumption_kwh'];0.001;nn;500;50;0.4153515538145004;0.8778316702327775;1.2455420122479726;0.1876708208914757
37;relu;sigmoid;64;onehot;20;['val_last_day', 'month', 'hour', 'thermal_consumption_kwh'];0.001;nn;500;50;0.40798760951659346;0.7442409980000351;1.2115102611594972;0.31129315623351583
38;relu;sigmoid;64;onehot;20;['val_last_day', 'month', 'weekday', 'thermal_consumption_kwh'];0.001;nn;500;50;0.43127491299698767;0.8722383355284637;1.4017790154436267;0.19284678929511012
39;relu;sigmoid;64;onehot;20;['val_last_day', 'month', 'day_continuous', 'thermal_consumption_kwh'];0.001;nn;500;50;0.423486288835882;0.8608226504707492;1.4199269448975433;0.2034106529450006
40;relu;sigmoid;64;onehot;20;['val_last_day', 'hour', 'weekday', 'thermal_consumption_kwh'];0.001;nn;500;50;0.4312671169739394;0.7897598573026638;1.0708623545775866;0.26917084638172417
41;relu;sigmoid;64;onehot;20;['val_last_day', 'hour', 'day_continuous', 'thermal_consumption_kwh'];0.001;nn;500;50;0.4420709634995575;0.7973632422126695;1.0610197669088246;0.2621348147234529
42;relu;sigmoid;64;onehot;20;['val_last_day', 'weekday', 'day_continuous', 'thermal_consumption_kwh'];0.001;nn;500;50;0.41326688046201904;0.88071733319966;1.3754761223658236;0.18500048179508632
43;relu;sigmoid;64;onehot;20;['val_last_week', 'mean_24h', 'month', 'thermal_consumption_kwh'];0.001;nn;500;50;0.431475758339656;0.9211210684349016;1.7625136322026256;0.14761161307511994
44;relu;sigmoid;64;onehot;20;['val_last_week', 'mean_24h', 'hour', 'thermal_consumption_kwh'];0.001;nn;500;50;0.41662433828160905;0.7616970469416413;1.2587370437704415;0.2951396516516488
45;relu;sigmoid;64;onehot;20;['val_last_week', 'mean_24h', 'weekday', 'thermal_consumption_kwh'];0.001;nn;500;50;0.41694644123523705;0.9116696577353394;1.5052187491581175;0.156357773592383
46;relu;sigmoid;64;onehot;20;['val_last_week', 'mean_24h', 'day_continuous', 'thermal_consumption_kwh'];0.001;nn;500;50;0.4123733583634666;0.9181643541489782;1.4900541391894002;0.1503477017470013
47;relu;sigmoid;64;onehot;20;['val_last_week', 'month', 'hour', 'thermal_consumption_kwh'];0.001;nn;500;50;0.4215787175653321;0.757947870472298;1.4355744359473677;0.2986090701597177
48;relu;sigmoid;64;onehot;20;['val_last_week', 'month', 'weekday', 'thermal_consumption_kwh'];0.001;nn;500;50;0.4369821178725336;0.9227715346049531;1.7610288365646862;0.14608430223122115
49;relu;sigmoid;64;onehot;20;['val_last_week', 'month', 'day_continuous', 'thermal_consumption_kwh'];0.001;nn;500;50;0.4257132749979794;0.9183678123391542;1.6641272742629614;0.15015942530379134
50;relu;sigmoid;64;onehot;20;['val_last_week', 'hour', 'weekday', 'thermal_consumption_kwh'];0.001;nn;500;50;0.4381604766022623;0.8030079525514301;1.290279900842109;0.25691130425865627
51;relu;sigmoid;64;onehot;20;['val_last_week', 'hour', 'day_continuous', 'thermal_consumption_kwh'];0.001;nn;500;50;0.4375791406053627;0.8056309624078564;1.0759359143638862;0.25448401948901545
52;relu;sigmoid;64;onehot;20;['val_last_week', 'weekday', 'day_continuous', 'thermal_consumption_kwh'];0.001;nn;500;50;0.42081060811476606;0.9236781241682217;1.2860923422308952;0.14524536103020136
53;relu;sigmoid;64;onehot;20;['mean_24h', 'month', 'hour', 'thermal_consumption_kwh'];0.001;nn;500;50;0.4074262203721208;0.7357803745474527;1.5661861171755358;0.3191224605717383
54;relu;sigmoid;64;onehot;20;['mean_24h', 'month', 'weekday', 'thermal_consumption_kwh'];0.001;nn;500;50;0.5817799094654574;1.0676416859509419;1.1342866793966602;0.012024145699151112
55;relu;sigmoid;64;onehot;20;['mean_24h', 'month', 'day_continuous', 'thermal_consumption_kwh'];0.001;nn;500;50;0.5935956782466854;1.080077012252306;1.1358593632985399;0.0005167249157848053
56;relu;sigmoid;64;onehot;20;['mean_24h', 'hour', 'weekday', 'thermal_consumption_kwh'];0.001;nn;500;50;0.4556302693484111;0.8057151688547112;1.034533087408508;0.25440609640174405
57;relu;sigmoid;64;onehot;20;['mean_24h', 'hour', 'day_continuous', 'thermal_consumption_kwh'];0.001;nn;500;50;0.463900537752448;0.8133198373712156;1.3090051498799977;0.2473688769177781
58;relu;sigmoid;64;onehot;20;['mean_24h', 'weekday', 'day_continuous', 'thermal_consumption_kwh'];0.001;nn;500;50;0.5961944615794723;1.0577856516973025;1.0715969727901367;0.02114473736383915
59;relu;sigmoid;64;onehot;20;['month', 'hour', 'weekday', 'thermal_consumption_kwh'];0.001;nn;500;50;0.44164119326108175;0.7695392927049667;1.6446704849395508;0.28788258258099186
60;relu;sigmoid;64;onehot;20;['month', 'hour', 'day_continuous', 'thermal_consumption_kwh'];0.001;nn;500;50;0.41689338903278195;0.7330547265524244;1.6218565814583616;0.3216447247750257
61;relu;sigmoid;64;onehot;20;['month', 'weekday', 'day_continuous', 'thermal_consumption_kwh'];0.001;nn;500;50;0.5872665377368637;1.0856634386615065;1.161428709315639;-0.004652850679423226
62;relu;sigmoid;64;onehot;20;['hour', 'weekday', 'day_continuous', 'thermal_consumption_kwh'];0.001;nn;500;50;0.48571897942589787;0.870457420370361;1.203361021114379;0.19449481521796153
63;relu;sigmoid;64;onehot;20;['val_last_day', 'val_last_week', 'mean_24h', 'month', 'thermal_consumption_kwh'];0.001;nn;500;50;0.4297613622505862;0.8395374302343438;1.4536525960777207;0.22310760176572197
64;relu;sigmoid;64;onehot;20;['val_last_day', 'val_last_week', 'mean_24h', 'hour', 'thermal_consumption_kwh'];0.001;nn;500;50;0.4173245751789354;0.7526735278601646;1.2981203759187452;0.3034898491857413
65;relu;sigmoid;64;onehot;20;['val_last_day', 'val_last_week', 'mean_24h', 'weekday', 'thermal_consumption_kwh'];0.001;nn;500;50;0.407203377722276;0.8261911050564832;1.4754761491709398;0.23545804404695336
66;relu;sigmoid;64;onehot;20;['val_last_day', 'val_last_week', 'mean_24h', 'day_continuous', 'thermal_consumption_kwh'];0.001;nn;500;50;0.406368095834379;0.827951989539665;1.3863622094808365;0.23382855413990922
67;relu;sigmoid;64;onehot;20;['val_last_day', 'val_last_week', 'month', 'hour', 'thermal_consumption_kwh'];0.001;nn;500;50;0.415448918611564;0.7526313334268684;1.273657913540701;0.3035288951333014
68;relu;sigmoid;64;onehot;20;['val_last_day', 'val_last_week', 'month', 'weekday', 'thermal_consumption_kwh'];0.001;nn;500;50;0.4278560332327482;0.8046690719528189;1.6139260276491934;0.2553741351116675
69;relu;sigmoid;64;onehot;20;['val_last_day', 'val_last_week', 'month', 'day_continuous', 'thermal_consumption_kwh'];0.001;nn;500;50;0.4253562345451259;0.815397337464912;1.3779941018116848;0.24544639678526836
70;relu;sigmoid;64;onehot;20;['val_last_day', 'val_last_week', 'hour', 'weekday', 'thermal_consumption_kwh'];0.001;nn;500;50;0.42426316116256596;0.793372961994623;0.9952878130222462;0.2658273461777796
71;relu;sigmoid;64;onehot;20;['val_last_day', 'val_last_week', 'hour', 'day_continuous', 'thermal_consumption_kwh'];0.001;nn;500;50;0.43579901638077045;0.785000726163906;0.9506098759812373;0.27357485824676864
72;relu;sigmoid;64;onehot;20;['val_last_day', 'val_last_week', 'weekday', 'day_continuous', 'thermal_consumption_kwh'];0.001;nn;500;50;0.41582974028850295;0.8199241257546576;1.2855488072561736;0.24125739069207064
73;relu;sigmoid;64;onehot;20;['val_last_day', 'mean_24h', 'month', 'hour', 'thermal_consumption_kwh'];0.001;nn;500;50;0.4071822623042699;0.7359606085089758;1.365346600947555;0.3189556753998468
74;relu;sigmoid;64;onehot;20;['val_last_day', 'mean_24h', 'month', 'weekday', 'thermal_consumption_kwh'];0.001;nn;500;50;0.4446473770418166;0.8838459233477284;1.4032976226257101;0.18210534238177079
75;relu;sigmoid;64;onehot;20;['val_last_day', 'mean_24h', 'month', 'day_continuous', 'thermal_consumption_kwh'];0.001;nn;500;50;0.4349057823229953;0.8766487997290535;1.421933793396631;0.18876542736087665
76;relu;sigmoid;64;onehot;20;['val_last_day', 'mean_24h', 'hour', 'weekday', 'thermal_consumption_kwh'];0.001;nn;500;50;0.43459596157915464;0.7707348807537562;1.0415460522266657;0.28677620753078703
77;relu;sigmoid;64;onehot;20;['val_last_day', 'mean_24h', 'hour', 'day_continuous', 'thermal_consumption_kwh'];0.001;nn;500;50;0.43225363595969074;0.7709655452070522;1.068498299935079;0.2865627549152694
78;relu;sigmoid;64;onehot;20;['val_last_day', 'mean_24h', 'weekday', 'day_continuous', 'thermal_consumption_kwh'];0.001;nn;500;50;0.4126675829562926;0.8785865902118075;1.3253168745922626;0.18697223191633028
79;relu;sigmoid;64;onehot;20;['val_last_day', 'month', 'hour', 'weekday', 'thermal_consumption_kwh'];0.001;nn;500;50;0.43037330436271704;0.7699784242769596;1.7421160346541031;0.28747621835252524
80;relu;sigmoid;64;onehot;20;['val_last_day', 'month', 'hour', 'day_continuous', 'thermal_consumption_kwh'];0.001;nn;500;50;0.42358101227162515;0.7577672777287636;1.378357010412741;0.2987761873418413
81;relu;sigmoid;64;onehot;20;['val_last_day', 'month', 'weekday', 'day_continuous', 'thermal_consumption_kwh'];0.001;nn;500;50;0.44647124063953086;0.8703120948428616;1.5929817701519347;0.1946292967711568
82;relu;sigmoid;64;onehot;20;['val_last_day', 'hour', 'weekday', 'day_continuous', 'thermal_consumption_kwh'];0.001;nn;500;50;0.432081695838785;0.8042570124818846;1.1133524350377935;0.25575544731891464
83;relu;sigmoid;64;onehot;20;['val_last_week', 'mean_24h', 'month', 'hour', 'thermal_consumption_kwh'];0.001;nn;500;50;0.40744256856840855;0.7533706980934505;1.347742872466024;0.30284470075636893
84;relu;sigmoid;64;onehot;20;['val_last_week', 'mean_24h', 'month', 'weekday', 'thermal_consumption_kwh'];0.001;nn;500;50;0.4623953810669584;0.9168196278563829;1.6913116144584912;0.15159208656749878
85;relu;sigmoid;64;onehot;20;['val_last_week', 'mean_24h', 'month', 'day_continuous', 'thermal_consumption_kwh'];0.001;nn;500;50;0.44225320546139274;0.9228095302870664;1.5447312014474557;0.1460491417302877
86;relu;sigmoid;64;onehot;20;['val_last_week', 'mean_24h', 'hour', 'weekday', 'thermal_consumption_kwh'];0.001;nn;500;50;0.4240941476409399;0.7786233062857042;1.1514088692478437;0.27947640455702694
87;relu;sigmoid;64;onehot;20;['val_last_week', 'mean_24h', 'hour', 'day_continuous', 'thermal_consumption_kwh'];0.001;nn;500;50;0.41982969385998004;0.7631816745289773;1.275414861332364;0.293765804762549
88;relu;sigmoid;64;onehot;20;['val_last_week', 'mean_24h', 'weekday', 'day_continuous', 'thermal_consumption_kwh'];0.001;nn;500;50;0.41593901553812274;0.9117718593929934;1.4852455720514057;0.15626319807012634
89;relu;sigmoid;64;onehot;20;['val_last_week', 'month', 'hour', 'weekday', 'thermal_consumption_kwh'];0.001;nn;500;50;0.4404625549347746;0.7898722816797977;1.8230818786230074;0.2690668109440819
90;relu;sigmoid;64;onehot;20;['val_last_week', 'month', 'hour', 'day_continuous', 'thermal_consumption_kwh'];0.001;nn;500;50;0.41828939736608867;0.7503349595694407;1.436459934589134;0.3056539169954493
91;relu;sigmoid;64;onehot;20;['val_last_week', 'month', 'weekday', 'day_continuous', 'thermal_consumption_kwh'];0.001;nn;500;50;0.4542189404845963;0.9042234189590106;1.6470288356721627;0.16324838512729967
92;relu;sigmoid;64;onehot;20;['val_last_week', 'hour', 'weekday', 'day_continuous', 'thermal_consumption_kwh'];0.001;nn;500;50;0.4428161974911317;0.7963632506739192;1.3629445469586587;0.2630601883837277
93;relu;sigmoid;64;onehot;20;['mean_24h', 'month', 'hour', 'weekday', 'thermal_consumption_kwh'];0.001;nn;500;50;0.43024093463916735;0.7307909914493427;1.6000612873885534;0.32373954333804
94;relu;sigmoid;64;onehot;20;['mean_24h', 'month', 'hour', 'day_continuous', 'thermal_consumption_kwh'];0.001;nn;500;50;0.4106147235255841;0.729353934489237;1.5223806329786262;0.3250693692492257
95;relu;sigmoid;64;onehot;20;['mean_24h', 'month', 'weekday', 'day_continuous', 'thermal_consumption_kwh'];0.001;nn;500;50;0.5849639685356269;1.0730219520794482;1.3569800652296573;0.007045347011703451
96;relu;sigmoid;64;onehot;20;['mean_24h', 'hour', 'weekday', 'day_continuous', 'thermal_consumption_kwh'];0.001;nn;500;50;0.47551096611713717;0.8193494056117964;1.2659098368763788;0.24178922607429576
97;relu;sigmoid;64;onehot;20;['month', 'hour', 'weekday', 'day_continuous', 'thermal_consumption_kwh'];0.001;nn;500;50;0.444068819465229;0.7496921793858071;1.8119768122224187;0.3062487338796246
98;relu;sigmoid;64;onehot;20;['val_last_day', 'val_last_week', 'mean_24h', 'month', 'hour', 'thermal_consumption_kwh'];0.001;nn;500;50;0.4092937443923114;0.7423573962278607;1.1413963689105222;0.3130362064483162
99;relu;sigmoid;64;onehot;20;['val_last_day', 'val_last_week', 'mean_24h', 'month', 'weekday', 'thermal_consumption_kwh'];0.001;nn;500;50;0.4495528189607401;0.8244616655174644;1.573396540074154;0.23705843538471005
100;relu;sigmoid;64;onehot;20;['val_last_day', 'val_last_week', 'mean_24h', 'month', 'day_continuous', 'thermal_consumption_kwh'];0.001;nn;500;50;0.4395994955205515;0.8317637004617141;1.3663932594556545;0.23030126740680912
101;relu;sigmoid;64;onehot;20;['val_last_day', 'val_last_week', 'mean_24h', 'hour', 'weekday', 'thermal_consumption_kwh'];0.001;nn;500;50;0.42778590570427205;0.7629877224695173;1.166390536788906;0.29394528440835155
102;relu;sigmoid;64;onehot;20;['val_last_day', 'val_last_week', 'mean_24h', 'hour', 'day_continuous', 'thermal_consumption_kwh'];0.001;nn;500;50;0.42457362241935787;0.7563834850578286;1.0969001985465197;0.30005672346574197
103;relu;sigmoid;64;onehot;20;['val_last_day', 'val_last_week', 'mean_24h', 'weekday', 'day_continuous', 'thermal_consumption_kwh'];0.001;nn;500;50;0.41315066974069975;0.8211429454304866;1.3519142077196895;0.24012951752421718
104;relu;sigmoid;64;onehot;20;['val_last_day', 'val_last_week', 'month', 'hour', 'weekday', 'thermal_consumption_kwh'];0.001;nn;500;50;0.44138254560911994;0.7839675384005343;1.6801472241743;0.2745309510788513
105;relu;sigmoid;64;onehot;20;['val_last_day', 'val_last_week', 'month', 'hour', 'day_continuous', 'thermal_consumption_kwh'];0.001;nn;500;50;0.40947201122617277;0.7409576009034563;1.1074545289463655;0.31433155113153066
106;relu;sigmoid;64;onehot;20;['val_last_day', 'val_last_week', 'month', 'weekday', 'day_continuous', 'thermal_consumption_kwh'];0.001;nn;500;50;0.4370206948003926;0.7717335401031525;1.360553771654362;0.28585206665388174
107;relu;sigmoid;64;onehot;20;['val_last_day', 'val_last_week', 'hour', 'weekday', 'day_continuous', 'thermal_consumption_kwh'];0.001;nn;500;50;0.42822385109836114;0.7752465343598489;1.1102076932296767;0.28260120679370093
108;relu;sigmoid;64;onehot;20;['val_last_day', 'mean_24h', 'month', 'hour', 'weekday', 'thermal_consumption_kwh'];0.001;nn;500;50;0.43452496631401544;0.7477405462903206;1.555674618713237;0.30805473902176894
109;relu;sigmoid;64;onehot;20;['val_last_day', 'mean_24h', 'month', 'hour', 'day_continuous', 'thermal_consumption_kwh'];0.001;nn;500;50;0.4019654762074418;0.7144542800431242;1.4397146660108262;0.3388572336834196
110;relu;sigmoid;64;onehot;20;['val_last_day', 'mean_24h', 'month', 'weekday', 'day_continuous', 'thermal_consumption_kwh'];0.001;nn;500;50;0.4588438616031743;0.8779430969725306;1.4122517424581853;0.18756770864899952
111;relu;sigmoid;64;onehot;20;['val_last_day', 'mean_24h', 'hour', 'weekday', 'day_continuous', 'thermal_consumption_kwh'];0.001;nn;500;50;0.4408412040254643;0.775777101522529;1.0876784556909955;0.2821102297620709
112;relu;sigmoid;64;onehot;20;['val_last_day', 'month', 'hour', 'weekday', 'day_continuous', 'thermal_consumption_kwh'];0.001;nn;500;50;0.4445881844175468;0.7570717889276327;1.992424037843351;0.29941977980502055
113;relu;sigmoid;64;onehot;20;['val_last_week', 'mean_24h', 'month', 'hour', 'weekday', 'thermal_consumption_kwh'];0.001;nn;500;50;0.44390858244676973;0.7455837561233507;1.9121396815238911;0.31005059272043933
114;relu;sigmoid;64;onehot;20;['val_last_week', 'mean_24h', 'month', 'hour', 'day_continuous', 'thermal_consumption_kwh'];0.001;nn;500;50;0.4170038613854018;0.7432165556369776;1.459590997571057;0.3122411562340237
115;relu;sigmoid;64;onehot;20;['val_last_week', 'mean_24h', 'month', 'weekday', 'day_continuous', 'thermal_consumption_kwh'];0.001;nn;500;50;0.47069893169294436;0.8884992471156737;1.6915319952034436;0.17779924269919856
116;relu;sigmoid;64;onehot;20;['val_last_week', 'mean_24h', 'hour', 'weekday', 'day_continuous', 'thermal_consumption_kwh'];0.001;nn;500;50;0.42966984106619893;0.7546288647235248;1.4304690468825112;0.3016804166453628
117;relu;sigmoid;64;onehot;20;['val_last_week', 'month', 'hour', 'weekday', 'day_continuous', 'thermal_consumption_kwh'];0.001;nn;500;50;0.4538247486163214;0.7589129454761863;1.922784703018146;0.2977160076145047
118;relu;sigmoid;64;onehot;20;['mean_24h', 'month', 'hour', 'weekday', 'day_continuous', 'thermal_consumption_kwh'];0.001;nn;500;50;0.44731173694850374;0.7167129741074625;1.80895132421601;0.3367670800043495
119;relu;sigmoid;64;onehot;20;['val_last_day', 'val_last_week', 'mean_24h', 'month', 'hour', 'weekday', 'thermal_consumption_kwh'];0.001;nn;500;50;0.4450307506524336;0.7519808580073927;1.5096108765659737;0.3041308330462874
120;relu;sigmoid;64;onehot;20;['val_last_day', 'val_last_week', 'mean_24h', 'month', 'hour', 'day_continuous', 'thermal_consumption_kwh'];0.001;nn;500;50;0.4100884482990619;0.7180601099875024;1.1935826308272979;0.3355204653962319
121;relu;sigmoid;64;onehot;20;['val_last_day', 'val_last_week', 'mean_24h', 'month', 'weekday', 'day_continuous', 'thermal_consumption_kwh'];0.001;nn;500;50;0.44655595197577524;0.7902943853874163;1.2373423706729552;0.26867620398612435
122;relu;sigmoid;64;onehot;20;['val_last_day', 'val_last_week', 'mean_24h', 'hour', 'weekday', 'day_continuous', 'thermal_consumption_kwh'];0.001;nn;500;50;0.4232757404941913;0.7411597510377094;1.1322578226628908;0.3141444851390598
123;relu;sigmoid;64;onehot;20;['val_last_day', 'val_last_week', 'month', 'hour', 'weekday', 'day_continuous', 'thermal_consumption_kwh'];0.001;nn;500;50;0.4552361206031336;0.7569035136549681;2.0519673504565814;0.2995754986275958
124;relu;sigmoid;64;onehot;20;['val_last_day', 'mean_24h', 'month', 'hour', 'weekday', 'day_continuous', 'thermal_consumption_kwh'];0.001;nn;500;50;0.44374804235386195;0.7249795450312575;1.605489002427427;0.3291173482843853
125;relu;sigmoid;64;onehot;20;['val_last_week', 'mean_24h', 'month', 'hour', 'weekday', 'day_continuous', 'thermal_consumption_kwh'];0.001;nn;500;50;0.4579679737712167;0.7351459227655099;2.013607085326257;0.3197095705071463
126;relu;sigmoid;64;onehot;20;['val_last_day', 'val_last_week', 'mean_24h', 'month', 'hour', 'weekday', 'day_continuous', 'thermal_consumption_kwh'];0.001;nn;500;50;0.4472942239559277;0.7249361288586073;1.974819717792071;0.3291575248069294
127;relu;sigmoid;64;cyclical;20;['val_last_day', 'thermal_consumption_kwh'];0.001;nn;500;50;0.40568056364588473;0.8866385603004936;1.1773535473426007;0.17952108783694853
128;relu;sigmoid;64;cyclical;20;['val_last_week', 'thermal_consumption_kwh'];0.001;nn;500;50;0.42808700669187644;0.9330084878764136;1.4281512479035976;0.13661121515819197
129;relu;sigmoid;64;cyclical;20;['mean_24h', 'thermal_consumption_kwh'];0.001;nn;500;50;0.604993184507448;1.0655355231967918;0.9973445958495587;0.013973149727103285
130;relu;sigmoid;64;cyclical;20;['month', 'thermal_consumption_kwh'];0.001;nn;500;50;0.6035078365030874;1.0778694097451516;1.1105058654058162;0.0025595994135335642
131;relu;sigmoid;64;cyclical;20;['hour', 'thermal_consumption_kwh'];0.001;nn;500;50;0.477812566204311;0.8640067543047352;1.0668549464006292;0.20046414219428654
132;relu;sigmoid;64;cyclical;20;['weekday', 'thermal_consumption_kwh'];0.001;nn;500;50;0.6138598393425726;1.080605661429303;1.067364985109408;2.7522752604203227e-05
133;relu;sigmoid;64;cyclical;20;['day_continuous', 'thermal_consumption_kwh'];0.001;nn;500;50;0.6173939379357011;1.0838994434982003;1.0203541225379236;-0.00302048220657003
134;relu;sigmoid;64;cyclical;20;['val_last_day', 'val_last_week', 'thermal_consumption_kwh'];0.001;nn;500;50;0.4086314254015409;0.8401872604970833;1.324063396183818;0.22250626086883785
135;relu;sigmoid;64;cyclical;20;['val_last_day', 'mean_24h', 'thermal_consumption_kwh'];0.001;nn;500;50;0.41379985510184136;0.8822066540595974;1.2089134119401146;0.18362229183839285
136;relu;sigmoid;64;cyclical;20;['val_last_day', 'month', 'thermal_consumption_kwh'];0.001;nn;500;50;0.4145677212226446;0.8684387608540581;1.3157697784828122;0.19636284536928095
137;relu;sigmoid;64;cyclical;20;['val_last_day', 'hour', 'thermal_consumption_kwh'];0.001;nn;500;50;0.4241465961971684;0.7895945164441386;0.9237493166867307;0.2693238497517705
138;relu;sigmoid;64;cyclical;20;['val_last_day', 'weekday', 'thermal_consumption_kwh'];0.001;nn;500;50;0.4112227355114315;0.8811367821277293;1.206769090127779;0.184612331520984
139;relu;sigmoid;64;cyclical;20;['val_last_day', 'day_continuous', 'thermal_consumption_kwh'];0.001;nn;500;50;0.4085112386155326;0.8787569219272258;1.2217928990928293;0.18681461009969524
140;relu;sigmoid;64;cyclical;20;['val_last_week', 'mean_24h', 'thermal_consumption_kwh'];0.001;nn;500;50;0.4180143097724348;0.9165896524673002;1.5163220056141928;0.1518049015357481
141;relu;sigmoid;64;cyclical;20;['val_last_week', 'month', 'thermal_consumption_kwh'];0.001;nn;500;50;0.42663036285968337;0.919322438744015;1.6537844784488116;0.1492760316987164
142;relu;sigmoid;64;cyclical;20;['val_last_week', 'hour', 'thermal_consumption_kwh'];0.001;nn;500;50;0.4181901681610284;0.8071535925868849;1.0570036460845826;0.25307500570498553
143;relu;sigmoid;64;cyclical;20;['val_last_week', 'weekday', 'thermal_consumption_kwh'];0.001;nn;500;50;0.4355292075829511;0.9279546741711876;1.36711046857782;0.1412879208157185
144;relu;sigmoid;64;cyclical;20;['val_last_week', 'day_continuous', 'thermal_consumption_kwh'];0.001;nn;500;50;0.4193942089469447;0.9280730034326854;1.4334816898602987;0.14117842110738432
145;relu;sigmoid;64;cyclical;20;['mean_24h', 'month', 'thermal_consumption_kwh'];0.001;nn;500;50;0.5934911460024387;1.0682812144375367;1.1459873847109947;0.011432337875226906
146;relu;sigmoid;64;cyclical;20;['mean_24h', 'hour', 'thermal_consumption_kwh'];0.001;nn;500;50;0.4602441717862015;0.8138774892793741;1.1724214285912176;0.24685283616401654
147;relu;sigmoid;64;cyclical;20;['mean_24h', 'weekday', 'thermal_consumption_kwh'];0.001;nn;500;50;0.6009912676132116;1.0620502262448592;1.0559125214486969;0.01719837901412824
148;relu;sigmoid;64;cyclical;20;['mean_24h', 'day_continuous', 'thermal_consumption_kwh'];0.001;nn;500;50;0.6060018980581905;1.0658508824525497;1.0307658722460908;0.0136813221090748
149;relu;sigmoid;64;cyclical;20;['month', 'hour', 'thermal_consumption_kwh'];0.001;nn;500;50;0.3906368461120213;0.7461364345189241;1.1678981886236346;0.30953915436316515
150;relu;sigmoid;64;cyclical;20;['month', 'weekday', 'thermal_consumption_kwh'];0.001;nn;500;50;0.6041913335398749;1.0728002081063959;1.079613830184568;0.007250544779920265
151;relu;sigmoid;64;cyclical;20;['month', 'day_continuous', 'thermal_consumption_kwh'];0.001;nn;500;50;0.602753866512683;1.0780378415494491;1.117662143042004;0.002403735739482382
152;relu;sigmoid;64;cyclical;20;['hour', 'weekday', 'thermal_consumption_kwh'];0.001;nn;500;50;0.4791919135542027;0.8486678119113216;1.031069634272478;0.21465851556376236
153;relu;sigmoid;64;cyclical;20;['hour', 'day_continuous', 'thermal_consumption_kwh'];0.001;nn;500;50;0.4871323922538351;0.8678943181514205;1.1028566794747179;0.19686666256875374
154;relu;sigmoid;64;cyclical;20;['weekday', 'day_continuous', 'thermal_consumption_kwh'];0.001;nn;500;50;0.6136343085124891;1.0834257151212046;1.0557983708277123;-0.002582102735135372
155;relu;sigmoid;64;cyclical;20;['val_last_day', 'val_last_week', 'mean_24h', 'thermal_consumption_kwh'];0.001;nn;500;50;0.4069756242349726;0.8390237968715978;1.5039781024585344;0.2235829085723351
156;relu;sigmoid;64;cyclical;20;['val_last_day', 'val_last_week', 'month', 'thermal_consumption_kwh'];0.001;nn;500;50;0.4077584074663374;0.826106237219766;1.4994169038079388;0.2355365791721613
157;relu;sigmoid;64;cyclical;20;['val_last_day', 'val_last_week', 'hour', 'thermal_consumption_kwh'];0.001;nn;500;50;0.41131079767301304;0.776382164672778;1.0590028033727419;0.28155031552245324
158;relu;sigmoid;64;cyclical;20;['val_last_day', 'val_last_week', 'weekday', 'thermal_consumption_kwh'];0.001;nn;500;50;0.39768819397749494;0.8297201894339331;1.167841728543831;0.23219229468685287
159;relu;sigmoid;64;cyclical;20;['val_last_day', 'val_last_week', 'day_continuous', 'thermal_consumption_kwh'];0.001;nn;500;50;0.4095835186584212;0.8271876344788527;1.2718082453697097;0.23453587416509414
160;relu;sigmoid;64;cyclical;20;['val_last_day', 'mean_24h', 'month', 'thermal_consumption_kwh'];0.001;nn;500;50;0.42423480774947137;0.8748402575848946;1.4307498590903882;0.19043901878525327
161;relu;sigmoid;64;cyclical;20;['val_last_day', 'mean_24h', 'hour', 'thermal_consumption_kwh'];0.001;nn;500;50;0.42090568050282906;0.7628461341655604;1.179138965331259;0.2940763076040561
162;relu;sigmoid;64;cyclical;20;['val_last_day', 'mean_24h', 'weekday', 'thermal_consumption_kwh'];0.001;nn;500;50;0.4132707902432987;0.8778950620887337;1.2028466518964216;0.1876121592413471
163;relu;sigmoid;64;cyclical;20;['val_last_day', 'mean_24h', 'day_continuous', 'thermal_consumption_kwh'];0.001;nn;500;50;0.4135641058152397;0.8780292356891992;1.2494439857867792;0.18748799747500833
164;relu;sigmoid;64;cyclical;20;['val_last_day', 'month', 'hour', 'thermal_consumption_kwh'];0.001;nn;500;50;0.39315376721515183;0.7316966198075561;1.1491026463629286;0.32290149161838655
165;relu;sigmoid;64;cyclical;20;['val_last_day', 'month', 'weekday', 'thermal_consumption_kwh'];0.001;nn;500;50;0.4169683513998635;0.8597807028868235;1.3014930482276807;0.20437485195288096
166;relu;sigmoid;64;cyclical;20;['val_last_day', 'month', 'day_continuous', 'thermal_consumption_kwh'];0.001;nn;500;50;0.4168376808192202;0.865639524853692;1.3845306098432668;0.19895320655060567
167;relu;sigmoid;64;cyclical;20;['val_last_day', 'hour', 'weekday', 'thermal_consumption_kwh'];0.001;nn;500;50;0.4237438351020273;0.7801686338633216;1.0138419818602737;0.278046387020468
168;relu;sigmoid;64;cyclical;20;['val_last_day', 'hour', 'day_continuous', 'thermal_consumption_kwh'];0.001;nn;500;50;0.43213228028372475;0.7878710879512284;0.9571808698159803;0.27091867857872165
169;relu;sigmoid;64;cyclical;20;['val_last_day', 'weekday', 'day_continuous', 'thermal_consumption_kwh'];0.001;nn;500;50;0.41378029299613467;0.8785225241302316;1.2744304462705824;0.18703151748236768
170;relu;sigmoid;64;cyclical;20;['val_last_week', 'mean_24h', 'month', 'thermal_consumption_kwh'];0.001;nn;500;50;0.42769269783247044;0.9111824007011365;1.6674082753936061;0.15680867223278394
171;relu;sigmoid;64;cyclical;20;['val_last_week', 'mean_24h', 'hour', 'thermal_consumption_kwh'];0.001;nn;500;50;0.4109281915281475;0.7737184754138201;1.1498716041333568;0.28401524425822744
172;relu;sigmoid;64;cyclical;20;['val_last_week', 'mean_24h', 'weekday', 'thermal_consumption_kwh'];0.001;nn;500;50;0.41866138650383555;0.9125855193763844;1.5597932255295008;0.15551025218221337
173;relu;sigmoid;64;cyclical;20;['val_last_week', 'mean_24h', 'day_continuous', 'thermal_consumption_kwh'];0.001;nn;500;50;0.42354582500461463;0.910534053385284;1.4785872470298145;0.15740864083806794
174;relu;sigmoid;64;cyclical;20;['val_last_week', 'month', 'hour', 'thermal_consumption_kwh'];0.001;nn;500;50;0.3985796669384888;0.7522591006219572;1.2379111578045061;0.303873352480996
175;relu;sigmoid;64;cyclical;20;['val_last_week', 'month', 'weekday', 'thermal_consumption_kwh'];0.001;nn;500;50;0.43360094567536095;0.9243453075019203;1.573467626352127;0.14462796192265426
176;relu;sigmoid;64;cyclical;20;['val_last_week', 'month', 'day_continuous', 'thermal_consumption_kwh'];0.001;nn;500;50;0.42251029528722345;0.9222562471070381;1.5374294554968149;0.14656113974390184
177;relu;sigmoid;64;cyclical;20;['val_last_week', 'hour', 'weekday', 'thermal_consumption_kwh'];0.001;nn;500;50;0.42477565103406356;0.7997704969979295;1.0927553922970503;0.25990718570307725
178;relu;sigmoid;64;cyclical;20;['val_last_week', 'hour', 'day_continuous', 'thermal_consumption_kwh'];0.001;nn;500;50;0.42955755337725315;0.802948503025429;1.1047098890705844;0.2569663177496164
179;relu;sigmoid;64;cyclical;20;['val_last_week', 'weekday', 'day_continuous', 'thermal_consumption_kwh'];0.001;nn;500;50;0.423133304549617;0.9288093987541076;1.2539569208095829;0.14049697450750065
180;relu;sigmoid;64;cyclical;20;['mean_24h', 'month', 'hour', 'thermal_consumption_kwh'];0.001;nn;500;50;0.38547592249850704;0.7151638988037639;1.1761230672730707;0.3382005656172541
181;relu;sigmoid;64;cyclical;20;['mean_24h', 'month', 'weekday', 'thermal_consumption_kwh'];0.001;nn;500;50;0.5933674392365669;1.0590510242156252;1.122686229066064;0.0199737850572278
182;relu;sigmoid;64;cyclical;20;['mean_24h', 'month', 'day_continuous', 'thermal_consumption_kwh'];0.001;nn;500;50;0.5988720345166663;1.066484607422509;1.0868309865359644;0.013094884752022917
183;relu;sigmoid;64;cyclical;20;['mean_24h', 'hour', 'weekday', 'thermal_consumption_kwh'];0.001;nn;500;50;0.45980491478876967;0.7901923229455063;1.1342069606661362;0.26877065068070816
184;relu;sigmoid;64;cyclical;20;['mean_24h', 'hour', 'day_continuous', 'thermal_consumption_kwh'];0.001;nn;500;50;0.46303516625298713;0.8061795069544666;1.2672033677606407;0.25397640651905484
185;relu;sigmoid;64;cyclical;20;['mean_24h', 'weekday', 'day_continuous', 'thermal_consumption_kwh'];0.001;nn;500;50;0.5981119231590615;1.062359964324201;1.079484467003849;0.016911753128707963
186;relu;sigmoid;64;cyclical;20;['month', 'hour', 'weekday', 'thermal_consumption_kwh'];0.001;nn;500;50;0.3985532654640476;0.7270493660547589;1.1870495708162652;0.3272019742212957
187;relu;sigmoid;64;cyclical;20;['month', 'hour', 'day_continuous', 'thermal_consumption_kwh'];0.001;nn;500;50;0.4062634000878561;0.7524889778327695;1.2677880444763123;0.303660628365101
188;relu;sigmoid;64;cyclical;20;['month', 'weekday', 'day_continuous', 'thermal_consumption_kwh'];0.001;nn;500;50;0.602248235721739;1.0729790741727603;1.1391134214372318;0.007085025432889025
189;relu;sigmoid;64;cyclical;20;['hour', 'weekday', 'day_continuous', 'thermal_consumption_kwh'];0.001;nn;500;50;0.4827934697883502;0.8545443161298694;1.119562826773922;0.20922050733307862
190;relu;sigmoid;64;cyclical;20;['val_last_day', 'val_last_week', 'mean_24h', 'month', 'thermal_consumption_kwh'];0.001;nn;500;50;0.41814866174652265;0.830381579883504;1.5710535465430129;0.23158025620705225
191;relu;sigmoid;64;cyclical;20;['val_last_day', 'val_last_week', 'mean_24h', 'hour', 'thermal_consumption_kwh'];0.001;nn;500;50;0.4011031227512479;0.7425442965067814;1.2379887618785912;0.31286325238969737
192;relu;sigmoid;64;cyclical;20;['val_last_day', 'val_last_week', 'mean_24h', 'weekday', 'thermal_consumption_kwh'];0.001;nn;500;50;0.4049594401873865;0.8314731259373224;1.3504104308779297;0.23057015969319294
193;relu;sigmoid;64;cyclical;20;['val_last_day', 'val_last_week', 'mean_24h', 'day_continuous', 'thermal_consumption_kwh'];0.001;nn;500;50;0.4057855011699782;0.8261647603707578;1.3931165934424794;0.2354824229314877
194;relu;sigmoid;64;cyclical;20;['val_last_day', 'val_last_week', 'month', 'hour', 'thermal_consumption_kwh'];0.001;nn;500;50;0.40231094411575413;0.7375823572900357;1.2963776931971984;0.3174549390961665
195;relu;sigmoid;64;cyclical;20;['val_last_day', 'val_last_week', 'month', 'weekday', 'thermal_consumption_kwh'];0.001;nn;500;50;0.4159679251311464;0.8166939393563195;1.4810715617127563;0.24424654539485513
196;relu;sigmoid;64;cyclical;20;['val_last_day', 'val_last_week', 'month', 'day_continuous', 'thermal_consumption_kwh'];0.001;nn;500;50;0.4157294428799254;0.8215702881891369;1.4400803279447467;0.23973406244540885
197;relu;sigmoid;64;cyclical;20;['val_last_day', 'val_last_week', 'hour', 'weekday', 'thermal_consumption_kwh'];0.001;nn;500;50;0.4131748982431103;0.7655020417050713;1.0599563155178056;0.2916185799274198
198;relu;sigmoid;64;cyclical;20;['val_last_day', 'val_last_week', 'hour', 'day_continuous', 'thermal_consumption_kwh'];0.001;nn;500;50;0.4161009041792598;0.7663516474402459;1.016377562141927;0.2908323705061566
199;relu;sigmoid;64;cyclical;20;['val_last_day', 'val_last_week', 'weekday', 'day_continuous', 'thermal_consumption_kwh'];0.001;nn;500;50;0.4139276626106609;0.8229932615218741;1.2540384485399219;0.23841726926230433
200;relu;sigmoid;64;cyclical;20;['val_last_day', 'mean_24h', 'month', 'hour', 'thermal_consumption_kwh'];0.001;nn;500;50;0.3784599883078214;0.7002397355396467;1.0851726253915712;0.3520111100579749
201;relu;sigmoid;64;cyclical;20;['val_last_day', 'mean_24h', 'month', 'weekday', 'thermal_consumption_kwh'];0.001;nn;500;50;0.42249875236648976;0.8610961383384191;1.4098265502308909;0.20315757233447584
202;relu;sigmoid;64;cyclical;20;['val_last_day', 'mean_24h', 'month', 'day_continuous', 'thermal_consumption_kwh'];0.001;nn;500;50;0.42597468211143913;0.8746076969192335;1.4870438666031613;0.19065422612059502
203;relu;sigmoid;64;cyclical;20;['val_last_day', 'mean_24h', 'hour', 'weekday', 'thermal_consumption_kwh'];0.001;nn;500;50;0.41135736758544394;0.7484840342537146;1.104620417340824;0.30736672902228845
204;relu;sigmoid;64;cyclical;20;['val_last_day', 'mean_24h', 'hour', 'day_continuous', 'thermal_consumption_kwh'];0.001;nn;500;50;0.4195493389763116;0.7554365426310491;1.282742882144795;0.30093300645972965
205;relu;sigmoid;64;cyclical;20;['val_last_day', 'mean_24h', 'weekday', 'day_continuous', 'thermal_consumption_kwh'];0.001;nn;500;50;0.41109522829824546;0.876507669916042;1.2240694047455025;0.18889602627754698
206;relu;sigmoid;64;cyclical;20;['val_last_day', 'month', 'hour', 'weekday', 'thermal_consumption_kwh'];0.001;nn;500;50;0.39774206847001214;0.7116932115637513;1.2036328796627107;0.3414122753472919
207;relu;sigmoid;64;cyclical;20;['val_last_day', 'month', 'hour', 'day_continuous', 'thermal_consumption_kwh'];0.001;nn;500;50;0.3936207028101855;0.7291769109097267;1.1802058426868778;0.3252331835930261
208;relu;sigmoid;64;cyclical;20;['val_last_day', 'month', 'weekday', 'day_continuous', 'thermal_consumption_kwh'];0.001;nn;500;50;0.41567941118151486;0.8600008720314627;1.389913159709055;0.20417111150172784
209;relu;sigmoid;64;cyclical;20;['val_last_day', 'hour', 'weekday', 'day_continuous', 'thermal_consumption_kwh'];0.001;nn;500;50;0.42586169854726313;0.7775458317146856;1.030594052072041;0.2804734795811642
210;relu;sigmoid;64;cyclical;20;['val_last_week', 'mean_24h', 'month', 'hour', 'thermal_consumption_kwh'];0.001;nn;500;50;0.3848739693909559;0.728712819724322;1.2267848421836844;0.3256626449857455
211;relu;sigmoid;64;cyclical;20;['val_last_week', 'mean_24h', 'month', 'weekday', 'thermal_consumption_kwh'];0.001;nn;500;50;0.4318144621412602;0.9103809451037284;1.7038422950085075;0.15755032440780947
212;relu;sigmoid;64;cyclical;20;['val_last_week', 'mean_24h', 'month', 'day_continuous', 'thermal_consumption_kwh'];0.001;nn;500;50;0.42815401486524746;0.9099980665480446;1.591467699137516;0.15790463313621805
213;relu;sigmoid;64;cyclical;20;['val_last_week', 'mean_24h', 'hour', 'weekday', 'thermal_consumption_kwh'];0.001;nn;500;50;0.40684886527802056;0.7515689801869527;1.1684774630198664;0.3045119771575294
214;relu;sigmoid;64;cyclical;20;['val_last_week', 'mean_24h', 'hour', 'day_continuous', 'thermal_consumption_kwh'];0.001;nn;500;50;0.41362580549036054;0.7566173075601993;1.2546036827488465;0.29984034845006546
215;relu;sigmoid;64;cyclical;20;['val_last_week', 'mean_24h', 'weekday', 'day_continuous', 'thermal_consumption_kwh'];0.001;nn;500;50;0.4159989398208562;0.9098929847368653;1.454038290923688;0.1580018738992356
216;relu;sigmoid;64;cyclical;20;['val_last_week', 'month', 'hour', 'weekday', 'thermal_consumption_kwh'];0.001;nn;500;50;0.3982940685416267;0.7445578050173562;1.3919480016718575;0.3109999888837345
217;relu;sigmoid;64;cyclical;20;['val_last_week', 'month', 'hour', 'day_continuous', 'thermal_consumption_kwh'];0.001;nn;500;50;0.3979980068238145;0.7579795409613034;1.35277317016403;0.2985797628754079
218;relu;sigmoid;64;cyclical;20;['val_last_week', 'month', 'weekday', 'day_continuous', 'thermal_consumption_kwh'];0.001;nn;500;50;0.4304468683087592;0.9166219261167695;1.624545443646952;0.1517750360979092
219;relu;sigmoid;64;cyclical;20;['val_last_week', 'hour', 'weekday', 'day_continuous', 'thermal_consumption_kwh'];0.001;nn;500;50;0.42981589570091655;0.7972424327066269;1.110467219968636;0.26224660960418
220;relu;sigmoid;64;cyclical;20;['mean_24h', 'month', 'hour', 'weekday', 'thermal_consumption_kwh'];0.001;nn;500;50;0.38627474749022983;0.69361628757609;1.2024073841468323;0.3581403262044798
221;relu;sigmoid;64;cyclical;20;['mean_24h', 'month', 'hour', 'day_continuous', 'thermal_consumption_kwh'];0.001;nn;500;50;0.3893324421539395;0.7290880049000935;1.2151159363148907;0.32531545556870445
222;relu;sigmoid;64;cyclical;20;['mean_24h', 'month', 'weekday', 'day_continuous', 'thermal_consumption_kwh'];0.001;nn;500;50;0.5901811480394619;1.058580435051439;1.154688053258423;0.020409259559235005
223;relu;sigmoid;64;cyclical;20;['mean_24h', 'hour', 'weekday', 'day_continuous', 'thermal_consumption_kwh'];0.001;nn;500;50;0.4606606067389591;0.7891767880666343;1.189448094834958;0.26971040786022693
224;relu;sigmoid;64;cyclical;20;['month', 'hour', 'weekday', 'day_continuous', 'thermal_consumption_kwh'];0.001;nn;500;50;0.4032623242269614;0.725445410125257;1.3090986805195401;0.3286862453494872
225;relu;sigmoid;64;cyclical;20;['val_last_day', 'val_last_week', 'mean_24h', 'month', 'hour', 'thermal_consumption_kwh'];0.001;nn;500;50;0.3772769621085345;0.7079091203813356;1.1744707385332123;0.3449140032845722
226;relu;sigmoid;64;cyclical;20;['val_last_day', 'val_last_week', 'mean_24h', 'month', 'weekday', 'thermal_consumption_kwh'];0.001;nn;500;50;0.42265006696370166;0.8218288133010634;1.5698607388593857;0.23949482809209088
227;relu;sigmoid;64;cyclical;20;['val_last_day', 'val_last_week', 'mean_24h', 'month', 'day_continuous', 'thermal_consumption_kwh'];0.001;nn;500;50;0.42294203112119616;0.8250955507798623;1.5300098556490522;0.23647184969600266
228;relu;sigmoid;64;cyclical;20;['val_last_day', 'val_last_week', 'mean_24h', 'hour', 'weekday', 'thermal_consumption_kwh'];0.001;nn;500;50;0.39772047008520783;0.7363248354694065;1.0404574068588885;0.31861862651244754
229;relu;sigmoid;64;cyclical;20;['val_last_day', 'val_last_week', 'mean_24h', 'hour', 'day_continuous', 'thermal_consumption_kwh'];0.001;nn;500;50;0.4043193834221551;0.7293240273939073;1.362988642295694;0.3250970447216681
230;relu;sigmoid;64;cyclical;20;['val_last_day', 'val_last_week', 'mean_24h', 'weekday', 'day_continuous', 'thermal_consumption_kwh'];0.001;nn;500;50;0.40787936525143537;0.8223113930033019;1.31376258231778;0.239048257768113
231;relu;sigmoid;64;cyclical;20;['val_last_day', 'val_last_week', 'month', 'hour', 'weekday', 'thermal_consumption_kwh'];0.001;nn;500;50;0.38471267599556075;0.7087009326536949;1.3064977834106604;0.34418127486405026
232;relu;sigmoid;64;cyclical;20;['val_last_day', 'val_last_week', 'month', 'hour', 'day_continuous', 'thermal_consumption_kwh'];0.001;nn;500;50;0.38948545922965994;0.7202502506198746;1.2986173595192219;0.3334937497941901
233;relu;sigmoid;64;cyclical;20;['val_last_day', 'val_last_week', 'month', 'weekday', 'day_continuous', 'thermal_consumption_kwh'];0.001;nn;500;50;0.42330606830681583;0.8110993376604055;1.3572464570684915;0.24942368624906452
234;relu;sigmoid;64;cyclical;20;['val_last_day', 'val_last_week', 'hour', 'weekday', 'day_continuous', 'thermal_consumption_kwh'];0.001;nn;500;50;0.4194383423352376;0.7541700583457537;1.0727362662881879;0.302104987574919
235;relu;sigmoid;64;cyclical;20;['val_last_day', 'mean_24h', 'month', 'hour', 'weekday', 'thermal_consumption_kwh'];0.001;nn;500;50;0.36868261371540656;0.6810272793709149;1.2019067451348329;0.36978996137700504
236;relu;sigmoid;64;cyclical;20;['val_last_day', 'mean_24h', 'month', 'hour', 'day_continuous', 'thermal_consumption_kwh'];0.001;nn;500;50;0.38145264030157305;0.6972704281216049;1.2009057135375198;0.35475885218122183
237;relu;sigmoid;64;cyclical;20;['val_last_day', 'mean_24h', 'month', 'weekday', 'day_continuous', 'thermal_consumption_kwh'];0.001;nn;500;50;0.4224842795727295;0.8647172647258909;1.4289852327985566;0.19980664900198408
238;relu;sigmoid;64;cyclical;20;['val_last_day', 'mean_24h', 'hour', 'weekday', 'day_continuous', 'thermal_consumption_kwh'];0.001;nn;500;50;0.4128120378133314;0.7389876204153962;1.3257649587411473;0.3161545346111554
239;relu;sigmoid;64;cyclical;20;['val_last_day', 'month', 'hour', 'weekday', 'day_continuous', 'thermal_consumption_kwh'];0.001;nn;500;50;0.4052473010854388;0.7122915226450087;1.3645751302814637;0.34085860934733936
240;relu;sigmoid;64;cyclical;20;['val_last_week', 'mean_24h', 'month', 'hour', 'weekday', 'thermal_consumption_kwh'];0.001;nn;500;50;0.3826826578787065;0.7056238306997639;1.2343087452487689;0.3470287680555493
241;relu;sigmoid;64;cyclical;20;['val_last_week', 'mean_24h', 'month', 'hour', 'day_continuous', 'thermal_consumption_kwh'];0.001;nn;500;50;0.3962235281005296;0.7140240535706713;1.3011422834271293;0.3392553572976037
242;relu;sigmoid;64;cyclical;20;['val_last_week', 'mean_24h', 'month', 'weekday', 'day_continuous', 'thermal_consumption_kwh'];0.001;nn;500;50;0.43239379952280693;0.9048595192462232;1.6283189187657563;0.16265974969562846
243;relu;sigmoid;64;cyclical;20;['val_last_week', 'mean_24h', 'hour', 'weekday', 'day_continuous', 'thermal_consumption_kwh'];0.001;nn;500;50;0.4092864764777654;0.7329186258345343;1.3426584389583434;0.32177066986015856
244;relu;sigmoid;64;cyclical;20;['val_last_week', 'month', 'hour', 'weekday', 'day_continuous', 'thermal_consumption_kwh'];0.001;nn;500;50;0.405599979332841;0.7323448678917246;1.4783800192459586;0.3223016148402662
245;relu;sigmoid;64;cyclical;20;['mean_24h', 'month', 'hour', 'weekday', 'day_continuous', 'thermal_consumption_kwh'];0.001;nn;500;50;0.38545386436596873;0.6987565846683834;1.255643588324984;0.3533835904213548
246;relu;sigmoid;64;cyclical;20;['val_last_day', 'val_last_week', 'mean_24h', 'month', 'hour', 'weekday', 'thermal_consumption_kwh'];0.001;nn;500;50;0.3809803037405262;0.6833830013638693;1.2250092891403013;0.3676100198487652
247;relu;sigmoid;64;cyclical;20;['val_last_day', 'val_last_week', 'mean_24h', 'month', 'hour', 'day_continuous', 'thermal_consumption_kwh'];0.001;nn;500;50;0.3765771392876431;0.6956980070968936;1.2156237484539947;0.35621394149222607
248;relu;sigmoid;64;cyclical;20;['val_last_day', 'val_last_week', 'mean_24h', 'month', 'weekday', 'day_continuous', 'thermal_consumption_kwh'];0.001;nn;500;50;0.4231878360204245;0.8160199345837402;1.3223696472153115;0.24487025693567865
249;relu;sigmoid;64;cyclical;20;['val_last_day', 'val_last_week', 'mean_24h', 'hour', 'weekday', 'day_continuous', 'thermal_consumption_kwh'];0.001;nn;500;50;0.39109801324067517;0.727624890280073;1.0607627433640043;0.32666939475605206
250;relu;sigmoid;64;cyclical;20;['val_last_day', 'val_last_week', 'month', 'hour', 'weekday', 'day_continuous', 'thermal_consumption_kwh'];0.001;nn;500;50;0.4006694304819153;0.7009582241555395;1.3574440895955933;0.3513462339919379
251;relu;sigmoid;64;cyclical;20;['val_last_day', 'mean_24h', 'month', 'hour', 'weekday', 'day_continuous', 'thermal_consumption_kwh'];0.001;nn;500;50;0.38547446737906765;0.6889945865280325;1.4062574284145977;0.36241716280739933
252;relu;sigmoid;64;cyclical;20;['val_last_week', 'mean_24h', 'month', 'hour', 'weekday', 'day_continuous', 'thermal_consumption_kwh'];0.001;nn;500;50;0.3870115401797815;0.6900902420974613;1.3372124565785952;0.36140326342386053
253;relu;sigmoid;64;cyclical;20;['val_last_day', 'val_last_week', 'mean_24h', 'month', 'hour', 'weekday', 'day_continuous', 'thermal_consumption_kwh'];0.001;nn;500;50;0.3882894275321277;0.6762054309680865;1.4319156984161714;0.3742520106373338
254;relu;sigmoid;64;;20;['val_last_day', 'thermal_consumption_kwh'];0.001;nn;500;50;0.4005838648224785;0.8893692457301839;1.185804068587451;0.17699416208486707
255;relu;sigmoid;64;;20;['val_last_week', 'thermal_consumption_kwh'];0.001;nn;500;50;0.4174449392679142;0.9342423666862708;1.449957327012076;0.135469406546451
256;relu;sigmoid;64;;20;['mean_24h', 'thermal_consumption_kwh'];0.001;nn;500;50;0.6051394958943528;1.066018284170466;1.0001068333815788;0.013526411657894255
257;relu;sigmoid;64;;20;['month', 'thermal_consumption_kwh'];0.001;nn;500;50;0.6091196446604573;1.0783682786949844;1.030890208278621;0.00209795532134327
258;relu;sigmoid;64;;20;['hour', 'thermal_consumption_kwh'];0.001;nn;500;50;0.46133804431205855;0.8863786285112255;0.9284972592053237;0.1797616239034412
259;relu;sigmoid;64;;20;['weekday', 'thermal_consumption_kwh'];0.001;nn;500;50;0.6170370085183199;1.0824770451338643;1.0309482738880327;-0.0017042210885815923
260;relu;sigmoid;64;;20;['day_continuous', 'thermal_consumption_kwh'];0.001;nn;500;50;0.6176326091865157;1.083935027809592;1.0196010389175316;-0.0030534112696720683
261;relu;sigmoid;64;;20;['val_last_day', 'val_last_week', 'thermal_consumption_kwh'];0.001;nn;500;50;0.4090839446671079;0.8395678975867186;1.325447395333201;0.22307940784178015
262;relu;sigmoid;64;;20;['val_last_day', 'mean_24h', 'thermal_consumption_kwh'];0.001;nn;500;50;0.41250588393900967;0.8833103069244482;1.1947767824048527;0.18260099190569923
263;relu;sigmoid;64;;20;['val_last_day', 'month', 'thermal_consumption_kwh'];0.001;nn;500;50;0.4070576159002835;0.8830396637791882;1.476742658742653;0.18285144006276122
264;relu;sigmoid;64;;20;['val_last_day', 'hour', 'thermal_consumption_kwh'];0.001;nn;500;50;0.4289362803586817;0.806566503050529;0.9620304497278634;0.25361828749499504
265;relu;sigmoid;64;;20;['val_last_day', 'weekday', 'thermal_consumption_kwh'];0.001;nn;500;50;0.4011786884009981;0.8885475548753972;1.2388821222300235;0.17775453959251952
266;relu;sigmoid;64;;20;['val_last_day', 'day_continuous', 'thermal_consumption_kwh'];0.001;nn;500;50;0.4057408696228038;0.881514929993402;1.2415224986394444;0.18426240048554743
267;relu;sigmoid;64;;20;['val_last_week', 'mean_24h', 'thermal_consumption_kwh'];0.001;nn;500;50;0.4149381708350749;0.9179400388102484;1.503837587369146;0.15055527900942067
268;relu;sigmoid;64;;20;['val_last_week', 'month', 'thermal_consumption_kwh'];0.001;nn;500;50;0.4448417669515234;0.9175134471067474;1.6291405217329373;0.1509500390756957
269;relu;sigmoid;64;;20;['val_last_week', 'hour', 'thermal_consumption_kwh'];0.001;nn;500;50;0.42607801067971807;0.8380193067557017;1.2074188846347202;0.2245124451326327
270;relu;sigmoid;64;;20;['val_last_week', 'weekday', 'thermal_consumption_kwh'];0.001;nn;500;50;0.42234361461213055;0.9350783595500007;1.3840846905167525;0.13469579422445055
271;relu;sigmoid;64;;20;['val_last_week', 'day_continuous', 'thermal_consumption_kwh'];0.001;nn;500;50;0.4173630318914719;0.927280014137438;1.4129787506185019;0.14191223872310021
272;relu;sigmoid;64;;20;['mean_24h', 'month', 'thermal_consumption_kwh'];0.001;nn;500;50;0.5872461222911861;1.0689419751531448;1.0040349864088471;0.010820882139579213
273;relu;sigmoid;64;;20;['mean_24h', 'hour', 'thermal_consumption_kwh'];0.001;nn;500;50;0.45394287611036216;0.8467828682408686;0.9756555400857521;0.2164028075463914
274;relu;sigmoid;64;;20;['mean_24h', 'weekday', 'thermal_consumption_kwh'];0.001;nn;500;50;0.6016904765721341;1.0665315198410048;0.9953323713042492;0.013051472868288339
275;relu;sigmoid;64;;20;['mean_24h', 'day_continuous', 'thermal_consumption_kwh'];0.001;nn;500;50;0.6064270750626785;1.065941182285143;1.0249570323140162;0.013597760315428253
276;relu;sigmoid;64;;20;['month', 'hour', 'thermal_consumption_kwh'];0.001;nn;500;50;0.4039274455168886;0.7746568702463859;0.9439159683590305;0.2831468710497106
277;relu;sigmoid;64;;20;['month', 'weekday', 'thermal_consumption_kwh'];0.001;nn;500;50;0.6118452606398641;1.0753223710998323;1.038965596947688;0.004916581830630817
278;relu;sigmoid;64;;20;['month', 'day_continuous', 'thermal_consumption_kwh'];0.001;nn;500;50;0.6005507408872599;1.0812691274329183;1.0116262139737473;-0.00058643640649092
279;relu;sigmoid;64;;20;['hour', 'weekday', 'thermal_consumption_kwh'];0.001;nn;500;50;0.4729133397683907;0.881724567355207;0.9635077135334141;0.18406840595128737
280;relu;sigmoid;64;;20;['hour', 'day_continuous', 'thermal_consumption_kwh'];0.001;nn;500;50;0.4716597436335709;0.8901033582881293;0.9409320588721121;0.17631482791205144
281;relu;sigmoid;64;;20;['weekday', 'day_continuous', 'thermal_consumption_kwh'];0.001;nn;500;50;0.6158416281467644;1.084078340774693;1.037845593063046;-0.003186030434876308
282;relu;sigmoid;64;;20;['val_last_day', 'val_last_week', 'mean_24h', 'thermal_consumption_kwh'];0.001;nn;500;50;0.4028466617300981;0.8397512189150912;1.4681856276477119;0.22290976567775278
283;relu;sigmoid;64;;20;['val_last_day', 'val_last_week', 'month', 'thermal_consumption_kwh'];0.001;nn;500;50;0.3972055366647707;0.8250766606170258;1.5386073655776427;0.23648933030303754
284;relu;sigmoid;64;;20;['val_last_day', 'val_last_week', 'hour', 'thermal_consumption_kwh'];0.001;nn;500;50;0.4190162839672523;0.7953294974458736;1.2247619468477788;0.264016804486353
285;relu;sigmoid;64;;20;['val_last_day', 'val_last_week', 'weekday', 'thermal_consumption_kwh'];0.001;nn;500;50;0.4041507532058722;0.8271122998833247;1.2799797308060763;0.2346055874053643
286;relu;sigmoid;64;;20;['val_last_day', 'val_last_week', 'day_continuous', 'thermal_consumption_kwh'];0.001;nn;500;50;0.4053371614439457;0.8253038672322444;1.2423240912894082;0.23627907750687271
287;relu;sigmoid;64;;20;['val_last_day', 'mean_24h', 'month', 'thermal_consumption_kwh'];0.001;nn;500;50;0.40531159462358624;0.890892308456205;1.4989615449877856;0.17558474802985635
288;relu;sigmoid;64;;20;['val_last_day', 'mean_24h', 'hour', 'thermal_consumption_kwh'];0.001;nn;500;50;0.418168777545915;0.7850963170898255;1.0297670081420085;0.2734864001732956
289;relu;sigmoid;64;;20;['val_last_day', 'mean_24h', 'weekday', 'thermal_consumption_kwh'];0.001;nn;500;50;0.40571903578013085;0.8867998757471877;1.1922911987864444;0.17937180950850118
290;relu;sigmoid;64;;20;['val_last_day', 'mean_24h', 'day_continuous', 'thermal_consumption_kwh'];0.001;nn;500;50;0.41588317150765886;0.878215880596577;1.248691057054747;0.18731527973248863
291;relu;sigmoid;64;;20;['val_last_day', 'month', 'hour', 'thermal_consumption_kwh'];0.001;nn;500;50;0.4073838118016988;0.7627197937723843;1.0470954105025725;0.2941932206653607
292;relu;sigmoid;64;;20;['val_last_day', 'month', 'weekday', 'thermal_consumption_kwh'];0.001;nn;500;50;0.4028616551176297;0.8848181552461936;1.445661005149634;0.1812056569787892
293;relu;sigmoid;64;;20;['val_last_day', 'month', 'day_continuous', 'thermal_consumption_kwh'];0.001;nn;500;50;0.4001441861736508;0.8784791685776415;1.4863737524308935;0.18707163790823012
294;relu;sigmoid;64;;20;['val_last_day', 'hour', 'weekday', 'thermal_consumption_kwh'];0.001;nn;500;50;0.42127339009780956;0.8019461460897191;1.0734630805255756;0.2578938803044545
295;relu;sigmoid;64;;20;['val_last_day', 'hour', 'day_continuous', 'thermal_consumption_kwh'];0.001;nn;500;50;0.431267771175921;0.8071523388190556;1.008238689235606;0.25307616591852766
296;relu;sigmoid;64;;20;['val_last_day', 'weekday', 'day_continuous', 'thermal_consumption_kwh'];0.001;nn;500;50;0.40994541918943267;0.8849800901342507;1.360173032789293;0.18105580543077027
297;relu;sigmoid;64;;20;['val_last_week', 'mean_24h', 'month', 'thermal_consumption_kwh'];0.001;nn;500;50;0.42706825568412604;0.9096269769351418;1.6969311810839514;0.15824803259518838
298;relu;sigmoid;64;;20;['val_last_week', 'mean_24h', 'hour', 'thermal_consumption_kwh'];0.001;nn;500;50;0.4121167795109011;0.7919568740475526;1.144364699822981;0.2671377677524355
299;relu;sigmoid;64;;20;['val_last_week', 'mean_24h', 'weekday', 'thermal_consumption_kwh'];0.001;nn;500;50;0.41964021170898136;0.9184992230582907;1.5166089894569603;0.15003782025669388
300;relu;sigmoid;64;;20;['val_last_week', 'mean_24h', 'day_continuous', 'thermal_consumption_kwh'];0.001;nn;500;50;0.41323303955338286;0.914945645361124;1.500477796472459;0.1533262352814928
301;relu;sigmoid;64;;20;['val_last_week', 'month', 'hour', 'thermal_consumption_kwh'];0.001;nn;500;50;0.41323155742014384;0.798747899568345;1.1694713959763958;0.2608534784362986
302;relu;sigmoid;64;;20;['val_last_week', 'month', 'weekday', 'thermal_consumption_kwh'];0.001;nn;500;50;0.424904785521382;0.9236897473838258;1.592543092275898;0.14523460512162523
303;relu;sigmoid;64;;20;['val_last_week', 'month', 'day_continuous', 'thermal_consumption_kwh'];0.001;nn;500;50;0.4201156442754073;0.9277230003712337;1.6039295678323209;0.14150230746195058
304;relu;sigmoid;64;;20;['val_last_week', 'hour', 'weekday', 'thermal_consumption_kwh'];0.001;nn;500;50;0.42007948009914303;0.8335232020378317;1.2120082315508494;0.22867305721636488
305;relu;sigmoid;64;;20;['val_last_week', 'hour', 'day_continuous', 'thermal_consumption_kwh'];0.001;nn;500;50;0.41959031858653956;0.8260293028747681;1.2084179503257153;0.23560777279097989
306;relu;sigmoid;64;;20;['val_last_week', 'weekday', 'day_continuous', 'thermal_consumption_kwh'];0.001;nn;500;50;0.4251276126499256;0.9290312081701837;1.3603729075197613;0.14029171617952096
307;relu;sigmoid;64;;20;['mean_24h', 'month', 'hour', 'thermal_consumption_kwh'];0.001;nn;500;50;0.3918901361417774;0.7437246017674043;0.9225979933312581;0.3117710197487801
308;relu;sigmoid;64;;20;['mean_24h', 'month', 'weekday', 'thermal_consumption_kwh'];0.001;nn;500;50;0.5948615209904881;1.0623357704703977;1.0621067361743832;0.01693414167319318
309;relu;sigmoid;64;;20;['mean_24h', 'month', 'day_continuous', 'thermal_consumption_kwh'];0.001;nn;500;50;0.5932947983968657;1.0675454635309842;0.9967546512876221;0.012113188145518095
310;relu;sigmoid;64;;20;['mean_24h', 'hour', 'weekday', 'thermal_consumption_kwh'];0.001;nn;500;50;0.4499700566150895;0.831328278546391;0.9984369940204236;0.23070419878765858
311;relu;sigmoid;64;;20;['mean_24h', 'hour', 'day_continuous', 'thermal_consumption_kwh'];0.001;nn;500;50;0.45267126658781254;0.8431311218875869;1.0031992102269442;0.21978206602847294
312;relu;sigmoid;64;;20;['mean_24h', 'weekday', 'day_continuous', 'thermal_consumption_kwh'];0.001;nn;500;50;0.6006770528413637;1.0680703524049855;1.0356780399141576;0.011627465697127026
313;relu;sigmoid;64;;20;['month', 'hour', 'weekday', 'thermal_consumption_kwh'];0.001;nn;500;50;0.39898216543697057;0.7571752631920292;0.9304818292080838;0.2993240266360402
314;relu;sigmoid;64;;20;['month', 'hour', 'day_continuous', 'thermal_consumption_kwh'];0.001;nn;500;50;0.4045196696779918;0.7679354891605893;1.0374250647466206;0.2893667126948096
315;relu;sigmoid;64;;20;['month', 'weekday', 'day_continuous', 'thermal_consumption_kwh'];0.001;nn;500;50;0.5943705099794068;1.0783953819765677;0.9841612728505471;0.0020728744462436
316;relu;sigmoid;64;;20;['hour', 'weekday', 'day_continuous', 'thermal_consumption_kwh'];0.001;nn;500;50;0.4719467402386287;0.8834370814163288;0.9946102186190471;0.1824836771374887
317;relu;sigmoid;64;;20;['val_last_day', 'val_last_week', 'mean_24h', 'month', 'thermal_consumption_kwh'];0.001;nn;500;50;0.3937122484494887;0.8159229433507381;1.5817704665670214;0.24496001082740648
318;relu;sigmoid;64;;20;['val_last_day', 'val_last_week', 'mean_24h', 'hour', 'thermal_consumption_kwh'];0.001;nn;500;50;0.40547232991432625;0.7619194693493581;1.2154950026968325;0.29493382607255114
319;relu;sigmoid;64;;20;['val_last_day', 'val_last_week', 'mean_24h', 'weekday', 'thermal_consumption_kwh'];0.001;nn;500;50;0.4067497893358326;0.8275519984280355;1.449765274185374;0.2341986985108392
320;relu;sigmoid;64;;20;['val_last_day', 'val_last_week', 'mean_24h', 'day_continuous', 'thermal_consumption_kwh'];0.001;nn;500;50;0.3989382100902662;0.8223926099253095;1.3464083403012452;0.2389731011317996
321;relu;sigmoid;64;;20;['val_last_day', 'val_last_week', 'month', 'hour', 'thermal_consumption_kwh'];0.001;nn;500;50;0.4130227082532769;0.7755653171293108;1.2853390909040763;0.2823062111194594
322;relu;sigmoid;64;;20;['val_last_day', 'val_last_week', 'month', 'weekday', 'thermal_consumption_kwh'];0.001;nn;500;50;0.398101123185187;0.8084408013132236;1.4564240432730926;0.2518838465756609
323;relu;sigmoid;64;;20;['val_last_day', 'val_last_week', 'month', 'day_continuous', 'thermal_consumption_kwh'];0.001;nn;500;50;0.3997060687568712;0.8152054373997608;1.4783642756515827;0.2456239775535196
324;relu;sigmoid;64;;20;['val_last_day', 'val_last_week', 'hour', 'weekday', 'thermal_consumption_kwh'];0.001;nn;500;50;0.41123760366586665;0.7789147696090054;1.186885450835976;0.2792066897925838
325;relu;sigmoid;64;;20;['val_last_day', 'val_last_week', 'hour', 'day_continuous', 'thermal_consumption_kwh'];0.001;nn;500;50;0.41766661283490947;0.7871744753857454;1.1945247618162165;0.27156331095263164
326;relu;sigmoid;64;;20;['val_last_day', 'val_last_week', 'weekday', 'day_continuous', 'thermal_consumption_kwh'];0.001;nn;500;50;0.41132816789813503;0.8186300854841504;1.211008887731104;0.24245487160591794
327;relu;sigmoid;64;;20;['val_last_day', 'mean_24h', 'month', 'hour', 'thermal_consumption_kwh'];0.001;nn;500;50;0.4016521274608886;0.7420056851782236;1.0251693150117107;0.3133616733435346
328;relu;sigmoid;64;;20;['val_last_day', 'mean_24h', 'month', 'weekday', 'thermal_consumption_kwh'];0.001;nn;500;50;0.4084845401527547;0.8903713287456619;1.502246202855382;0.17606685301074132
329;relu;sigmoid;64;;20;['val_last_day', 'mean_24h', 'month', 'day_continuous', 'thermal_consumption_kwh'];0.001;nn;500;50;0.4053581553070563;0.8792809442556042;1.5198246093072543;0.18632968953658402
330;relu;sigmoid;64;;20;['val_last_day', 'mean_24h', 'hour', 'weekday', 'thermal_consumption_kwh'];0.001;nn;500;50;0.40723591381283325;0.7713998939906112;1.0389675775384823;0.2861608165906909
331;relu;sigmoid;64;;20;['val_last_day', 'mean_24h', 'hour', 'day_continuous', 'thermal_consumption_kwh'];0.001;nn;500;50;0.41313757453305383;0.7803932565164328;1.075465548541709;0.2778385253750085
332;relu;sigmoid;64;;20;['val_last_day', 'mean_24h', 'weekday', 'day_continuous', 'thermal_consumption_kwh'];0.001;nn;500;50;0.40978468360219383;0.8853553882963277;1.2791266890496442;0.18070851145829359
333;relu;sigmoid;64;;20;['val_last_day', 'month', 'hour', 'weekday', 'thermal_consumption_kwh'];0.001;nn;500;50;0.40997852404005825;0.7581526543441569;1.1189525063039065;0.2984195669552163
334;relu;sigmoid;64;;20;['val_last_day', 'month', 'hour', 'day_continuous', 'thermal_consumption_kwh'];0.001;nn;500;50;0.4130370431915876;0.7618058883475114;1.063346529152667;0.29503893182929375
335;relu;sigmoid;64;;20;['val_last_day', 'month', 'weekday', 'day_continuous', 'thermal_consumption_kwh'];0.001;nn;500;50;0.40444286362491694;0.8758498715656242;1.5061913605041712;0.18950474069528067
336;relu;sigmoid;64;;20;['val_last_day', 'hour', 'weekday', 'day_continuous', 'thermal_consumption_kwh'];0.001;nn;500;50;0.41339032005703386;0.7888718981898118;1.1143727794244187;0.2699925473087752
337;relu;sigmoid;64;;20;['val_last_week', 'mean_24h', 'month', 'hour', 'thermal_consumption_kwh'];0.001;nn;500;50;0.3977734714791716;0.753505410071826;1.1024735959266245;0.3027200407850775
338;relu;sigmoid;64;;20;['val_last_week', 'mean_24h', 'month', 'weekday', 'thermal_consumption_kwh'];0.001;nn;500;50;0.4197149891337185;0.9143992206073984;1.8009105768577103;0.153831886634355
339;relu;sigmoid;64;;20;['val_last_week', 'mean_24h', 'month', 'day_continuous', 'thermal_consumption_kwh'];0.001;nn;500;50;0.4367263167915162;0.9030809118231767;1.63780244136305;0.1643056400831746
340;relu;sigmoid;64;;20;['val_last_week', 'mean_24h', 'hour', 'weekday', 'thermal_consumption_kwh'];0.001;nn;500;50;0.40833855400728536;0.7819244621098876;1.1939122233677493;0.2764215760611979
341;relu;sigmoid;64;;20;['val_last_week', 'mean_24h', 'hour', 'day_continuous', 'thermal_consumption_kwh'];0.001;nn;500;50;0.41023776171435244;0.7819550981838272;1.182428750328297;0.27639322600544314
342;relu;sigmoid;64;;20;['val_last_week', 'mean_24h', 'weekday', 'day_continuous', 'thermal_consumption_kwh'];0.001;nn;500;50;0.42051192116817315;0.9129470819154387;1.5189156339249987;0.15517566890103784
343;relu;sigmoid;64;;20;['val_last_week', 'month', 'hour', 'weekday', 'thermal_consumption_kwh'];0.001;nn;500;50;0.40890335893536844;0.7800990466768607;1.2083149741299495;0.2781107817147711
344;relu;sigmoid;64;;20;['val_last_week', 'month', 'hour', 'day_continuous', 'thermal_consumption_kwh'];0.001;nn;500;50;0.40840242510473346;0.7830868587890055;1.2075021128892245;0.27534591569012024
345;relu;sigmoid;64;;20;['val_last_week', 'month', 'weekday', 'day_continuous', 'thermal_consumption_kwh'];0.001;nn;500;50;0.4269616722602159;0.9188014386616707;1.5860091197141217;0.1497581555312889
346;relu;sigmoid;64;;20;['val_last_week', 'hour', 'weekday', 'day_continuous', 'thermal_consumption_kwh'];0.001;nn;500;50;0.4259013416541393;0.8199640393569567;1.2308637911265792;0.2412204553832974
347;relu;sigmoid;64;;20;['mean_24h', 'month', 'hour', 'weekday', 'thermal_consumption_kwh'];0.001;nn;500;50;0.3882013135971141;0.7206398911771374;0.9649436276842763;0.333133183634684
348;relu;sigmoid;64;;20;['mean_24h', 'month', 'hour', 'day_continuous', 'thermal_consumption_kwh'];0.001;nn;500;50;0.39220156435907494;0.7387694359769094;1.0153009920248104;0.3163564384519717
349;relu;sigmoid;64;;20;['mean_24h', 'month', 'weekday', 'day_continuous', 'thermal_consumption_kwh'];0.001;nn;500;50;0.6022556660934618;1.0595882299728785;1.04666850979168;0.019476664793058984
350;relu;sigmoid;64;;20;['mean_24h', 'hour', 'weekday', 'day_continuous', 'thermal_consumption_kwh'];0.001;nn;500;50;0.4537957547841415;0.8307801864550401;1.0848576572259294;0.23121139306389704
351;relu;sigmoid;64;;20;['month', 'hour', 'weekday', 'day_continuous', 'thermal_consumption_kwh'];0.001;nn;500;50;0.40476761433374575;0.7529223135934145;1.1100177453260553;0.30325962747317614
352;relu;sigmoid;64;;20;['val_last_day', 'val_last_week', 'mean_24h', 'month', 'hour', 'thermal_consumption_kwh'];0.001;nn;500;50;0.4006593921888168;0.7472957575080192;1.1767620922950663;0.308466338327941
353;relu;sigmoid;64;;20;['val_last_day', 'val_last_week', 'mean_24h', 'month', 'weekday', 'thermal_consumption_kwh'];0.001;nn;500;50;0.4017300248827641;0.8145667158019034;1.6054256939252496;0.24621503869754147
354;relu;sigmoid;64;;20;['val_last_day', 'val_last_week', 'mean_24h', 'month', 'day_continuous', 'thermal_consumption_kwh'];0.001;nn;500;50;0.39808812889418604;0.8082853651588968;1.5004760495111749;0.25202768431577627
355;relu;sigmoid;64;;20;['val_last_day', 'val_last_week', 'mean_24h', 'hour', 'weekday', 'thermal_consumption_kwh'];0.001;nn;500;50;0.4053015222934;0.7532685769656352;1.2069632963344101;0.3029392017578033
356;relu;sigmoid;64;;20;['val_last_day', 'val_last_week', 'mean_24h', 'hour', 'day_continuous', 'thermal_consumption_kwh'];0.001;nn;500;50;0.413493341974382;0.7661976502475977;1.235250220828063;0.29097487665776955
357;relu;sigmoid;64;;20;['val_last_day', 'val_last_week', 'mean_24h', 'weekday', 'day_continuous', 'thermal_consumption_kwh'];0.001;nn;500;50;0.41107997579939554;0.822652691396876;1.3524407258509854;0.2387324265520787
358;relu;sigmoid;64;;20;['val_last_day', 'val_last_week', 'month', 'hour', 'weekday', 'thermal_consumption_kwh'];0.001;nn;500;50;0.40922452039081314;0.7518548163402177;1.2567634425621965;0.30424746967207994
359;relu;sigmoid;64;;20;['val_last_day', 'val_last_week', 'month', 'hour', 'day_continuous', 'thermal_consumption_kwh'];0.001;nn;500;50;0.41000893385602966;0.7644604520288906;1.2358138698656618;0.2925824477340979
360;relu;sigmoid;64;;20;['val_last_day', 'val_last_week', 'month', 'weekday', 'day_continuous', 'thermal_consumption_kwh'];0.001;nn;500;50;0.4025414268021767;0.8076209280539786;1.4125620611759389;0.25264254211404236
361;relu;sigmoid;64;;20;['val_last_day', 'val_last_week', 'hour', 'weekday', 'day_continuous', 'thermal_consumption_kwh'];0.001;nn;500;50;0.41430202454059567;0.7772633708933127;1.1835537440817563;0.28073486359695776
362;relu;sigmoid;64;;20;['val_last_day', 'mean_24h', 'month', 'hour', 'weekday', 'thermal_consumption_kwh'];0.001;nn;500;50;0.39758681966537357;0.7372466668514153;1.0393579173528615;0.31776558081448913
363;relu;sigmoid;64;;20;['val_last_day', 'mean_24h', 'month', 'hour', 'day_continuous', 'thermal_consumption_kwh'];0.001;nn;500;50;0.4043806120258775;0.7388596183201506;1.1252899892731416;0.3162729853807973
364;relu;sigmoid;64;;20;['val_last_day', 'mean_24h', 'month', 'weekday', 'day_continuous', 'thermal_consumption_kwh'];0.001;nn;500;50;0.4066191382730704;0.8820120742606746;1.5206685824666648;0.18380235238267473
365;relu;sigmoid;64;;20;['val_last_day', 'mean_24h', 'hour', 'weekday', 'day_continuous', 'thermal_consumption_kwh'];0.001;nn;500;50;0.4127035923899141;0.7687570442511068;1.131750372363761;0.288606460820899
366;relu;sigmoid;64;;20;['val_last_day', 'month', 'hour', 'weekday', 'day_continuous', 'thermal_consumption_kwh'];0.001;nn;500;50;0.4104159457984482;0.7401715066635;1.200425096884038;0.31505898819070666
367;relu;sigmoid;64;;20;['val_last_week', 'mean_24h', 'month', 'hour', 'weekday', 'thermal_consumption_kwh'];0.001;nn;500;50;0.3985777122099043;0.7468431557516826;1.1844266246455635;0.3088851676156682
368;relu;sigmoid;64;;20;['val_last_week', 'mean_24h', 'month', 'hour', 'day_continuous', 'thermal_consumption_kwh'];0.001;nn;500;50;0.40780902233478405;0.7512263000136218;1.2229257871149748;0.3048290870469742
369;relu;sigmoid;64;;20;['val_last_week', 'mean_24h', 'month', 'weekday', 'day_continuous', 'thermal_consumption_kwh'];0.001;nn;500;50;0.41700997598270817;0.9115846915009064;1.7240290631093305;0.1564363997730157
370;relu;sigmoid;64;;20;['val_last_week', 'mean_24h', 'hour', 'weekday', 'day_continuous', 'thermal_consumption_kwh'];0.001;nn;500;50;0.41165879585318277;0.7769725981739298;1.2543953531840932;0.2810039392893178
371;relu;sigmoid;64;;20;['val_last_week', 'month', 'hour', 'weekday', 'day_continuous', 'thermal_consumption_kwh'];0.001;nn;500;50;0.41172826682082275;0.7699697036453087;1.257990250406108;0.2874842882636375
372;relu;sigmoid;64;;20;['mean_24h', 'month', 'hour', 'weekday', 'day_continuous', 'thermal_consumption_kwh'];0.001;nn;500;50;0.3935029504835484;0.7207891967003281;1.0694942233832843;0.3329950190671448
373;relu;sigmoid;64;;20;['val_last_day', 'val_last_week', 'mean_24h', 'month', 'hour', 'weekday', 'thermal_consumption_kwh'];0.001;nn;500;50;0.4000990408720595;0.7292940922083355;1.2524367212613199;0.3251247461883008
374;relu;sigmoid;64;;20;['val_last_day', 'val_last_week', 'mean_24h', 'month', 'hour', 'day_continuous', 'thermal_consumption_kwh'];0.001;nn;500;50;0.4016347336502785;0.7336163220394503;1.224839847348695;0.3211250347063753
375;relu;sigmoid;64;;20;['val_last_day', 'val_last_week', 'mean_24h', 'month', 'weekday', 'day_continuous', 'thermal_consumption_kwh'];0.001;nn;500;50;0.40674723970595766;0.7973954190931783;1.4364899455548539;0.26210503883381886
376;relu;sigmoid;64;;20;['val_last_day', 'val_last_week', 'mean_24h', 'hour', 'weekday', 'day_continuous', 'thermal_consumption_kwh'];0.001;nn;500;50;0.40663549839371005;0.7497404416487863;1.2798948072646839;0.30620407287479057
377;relu;sigmoid;64;;20;['val_last_day', 'val_last_week', 'month', 'hour', 'weekday', 'day_continuous', 'thermal_consumption_kwh'];0.001;nn;500;50;0.40396309543408604;0.7572229075615233;1.1848287182738084;0.2992799374184002
378;relu;sigmoid;64;;20;['val_last_day', 'mean_24h', 'month', 'hour', 'weekday', 'day_continuous', 'thermal_consumption_kwh'];0.001;nn;500;50;0.41001827579039324;0.7357083923342079;1.1907207027455906;0.3191890715794957
379;relu;sigmoid;64;;20;['val_last_week', 'mean_24h', 'month', 'hour', 'weekday', 'day_continuous', 'thermal_consumption_kwh'];0.001;nn;500;50;0.4038764539109572;0.7391855036726194;1.239700347695734;0.3159714171077087
380;relu;sigmoid;64;;20;['val_last_day', 'val_last_week', 'mean_24h', 'month', 'hour', 'weekday', 'day_continuous', 'thermal_consumption_kwh'];0.001;nn;500;50;0.4015326352410848;0.7253399019665762;1.1945145577919094;0.32878388064659114
