,C,degree,encoding,epsilon,features,kernel,model,mae,mse,mape,r2
0,0.8,3,cyclical,0.3,"['val_last_day', 'thermal_consumption_kwh']",rbf,SVR,0.20397125385013448,0.17858210719182935,0.848924897740819,0.05080575522476627
1,0.8,3,cyclical,0.3,"['val_last_week', 'thermal_consumption_kwh']",rbf,SVR,0.20671526189163159,0.18234364468769462,0.9598380597217566,0.030812544265807817
2,0.8,3,cyclical,0.3,"['mean_24h', 'thermal_consumption_kwh']",rbf,SVR,0.20186737186577344,0.1896141619610979,1.0662780085460932,-0.007831490464055957
3,0.8,3,cyclical,0.3,"['month', 'thermal_consumption_kwh']",rbf,SVR,0.20188230044205985,0.1895997598685166,1.066118755071401,-0.007754940894752149
4,0.8,3,cyclical,0.3,"['hour', 'thermal_consumption_kwh']",rbf,SVR,0.21784823896923394,0.1802696104218267,1.0030869511022367,0.041836388813199954
5,0.8,3,cyclical,0.3,"['weekday', 'thermal_consumption_kwh']",rbf,SVR,0.2018823004420499,0.1895997598685151,1.066118755071299,-0.007754940894744378
6,0.8,3,cyclical,0.3,"['day_continuous', 'thermal_consumption_kwh']",rbf,SVR,0.20188230044206215,0.18959975986851407,1.0661187550713838,-0.0077549408947388265
7,0.8,3,cyclical,0.3,"['val_last_day', 'val_last_week', 'thermal_consumption_kwh']",rbf,SVR,0.2117330180312426,0.17501319497537438,0.898977801333502,0.06977513009236258
8,0.8,3,cyclical,0.3,"['val_last_day', 'mean_24h', 'thermal_consumption_kwh']",rbf,SVR,0.22657351651046737,0.17825369781093076,0.9434163652222566,0.05255130688826115
9,0.8,3,cyclical,0.3,"['val_last_day', 'month', 'thermal_consumption_kwh']",rbf,SVR,0.2302726553029509,0.17992106627351254,1.033850638801833,0.0436889601868512
10,0.8,3,cyclical,0.3,"['val_last_day', 'hour', 'thermal_consumption_kwh']",rbf,SVR,0.21606882902677255,0.17647837930338636,1.071980092306277,0.06198742642174826
11,0.8,3,cyclical,0.3,"['val_last_day', 'weekday', 'thermal_consumption_kwh']",rbf,SVR,0.21210647620243786,0.1813645690276925,0.9388263645273164,0.03601649776533322
12,0.8,3,cyclical,0.3,"['val_last_day', 'day_continuous', 'thermal_consumption_kwh']",rbf,SVR,0.2078040708492312,0.18165632096188383,0.9231202003588393,0.03446578665999833
13,0.8,3,cyclical,0.3,"['val_last_week', 'mean_24h', 'thermal_consumption_kwh']",rbf,SVR,0.2169765538000454,0.18071992177758928,0.9253204773399211,0.03944290743946066
14,0.8,3,cyclical,0.3,"['val_last_week', 'month', 'thermal_consumption_kwh']",rbf,SVR,0.21573898899612248,0.18398525527741638,0.9053603215983748,0.02208710503548128
15,0.8,3,cyclical,0.3,"['val_last_week', 'hour', 'thermal_consumption_kwh']",rbf,SVR,0.21805053942294791,0.17759984066575316,0.9633477971332413,0.05602666871967399
16,0.8,3,cyclical,0.3,"['val_last_week', 'weekday', 'thermal_consumption_kwh']",rbf,SVR,0.20745461483155872,0.1830287834777848,0.9186897869250007,0.02717091517624115
17,0.8,3,cyclical,0.3,"['val_last_week', 'day_continuous', 'thermal_consumption_kwh']",rbf,SVR,0.21548887672139674,0.18510987554362412,1.0190007322142893,0.01610955722272467
18,0.8,3,cyclical,0.3,"['mean_24h', 'month', 'thermal_consumption_kwh']",rbf,SVR,0.2031312101958077,0.18919269843277087,1.0593811947217775,-0.005591340195020722
19,0.8,3,cyclical,0.3,"['mean_24h', 'hour', 'thermal_consumption_kwh']",rbf,SVR,0.23031047283758516,0.17803486486045828,1.360109373212248,0.0537144412045818
20,0.8,3,cyclical,0.3,"['mean_24h', 'weekday', 'thermal_consumption_kwh']",rbf,SVR,0.20265324601957285,0.18973313891963248,1.0654254935552474,-0.008463873215484696
21,0.8,3,cyclical,0.3,"['mean_24h', 'day_continuous', 'thermal_consumption_kwh']",rbf,SVR,0.2018878853490031,0.18959534883721568,1.0657109150603612,-0.0077314955138561015
22,0.8,3,cyclical,0.3,"['month', 'hour', 'thermal_consumption_kwh']",rbf,SVR,0.2388516500842087,0.17955484204784813,1.1881144736930025,0.045635504175855046
23,0.8,3,cyclical,0.3,"['month', 'weekday', 'thermal_consumption_kwh']",rbf,SVR,0.20522238578564808,0.18876331848107844,1.0707299666850278,-0.003309112790622848
24,0.8,3,cyclical,0.3,"['month', 'day_continuous', 'thermal_consumption_kwh']",rbf,SVR,0.2042459101798881,0.18937646121918444,1.0737758496061636,-0.0065680706301713965
25,0.8,3,cyclical,0.3,"['hour', 'weekday', 'thermal_consumption_kwh']",rbf,SVR,0.2193118819392333,0.17769297500228515,1.0606997944230974,0.0555316438954222
26,0.8,3,cyclical,0.3,"['hour', 'day_continuous', 'thermal_consumption_kwh']",rbf,SVR,0.219670812832982,0.18151912811493323,0.980098059827962,0.035194989953640454
27,0.8,3,cyclical,0.3,"['weekday', 'day_continuous', 'thermal_consumption_kwh']",rbf,SVR,0.2019087062411723,0.18961911898063263,1.0679178050556637,-0.007857837865190342
28,0.8,3,cyclical,0.3,"['val_last_day', 'val_last_week', 'mean_24h', 'thermal_consumption_kwh']",rbf,SVR,0.2209553952750818,0.17501702287727214,0.9272519140010772,0.0697547841433308
29,0.8,3,cyclical,0.3,"['val_last_day', 'val_last_week', 'month', 'thermal_consumption_kwh']",rbf,SVR,0.22416929571074548,0.1787127983792179,0.9388256534030183,0.050111109356472006
30,0.8,3,cyclical,0.3,"['val_last_day', 'val_last_week', 'hour', 'thermal_consumption_kwh']",rbf,SVR,0.21562106465579436,0.1731946465281567,1.0163689075239497,0.07944102410093612
31,0.8,3,cyclical,0.3,"['val_last_day', 'val_last_week', 'weekday', 'thermal_consumption_kwh']",rbf,SVR,0.21077762076459924,0.17651532028042424,0.9212534593267059,0.06179107885170265
32,0.8,3,cyclical,0.3,"['val_last_day', 'val_last_week', 'day_continuous', 'thermal_consumption_kwh']",rbf,SVR,0.21077108736644912,0.17708065953910884,0.9445463574347286,0.05878620462814732
33,0.8,3,cyclical,0.3,"['val_last_day', 'mean_24h', 'month', 'thermal_consumption_kwh']",rbf,SVR,0.22817705397814286,0.17877169488331224,0.9509238033999114,0.04979806442939183
34,0.8,3,cyclical,0.3,"['val_last_day', 'mean_24h', 'hour', 'thermal_consumption_kwh']",rbf,SVR,0.23142692142237792,0.17601870639546638,1.4237914518223311,0.06443066603593894
35,0.8,3,cyclical,0.3,"['val_last_day', 'mean_24h', 'weekday', 'thermal_consumption_kwh']",rbf,SVR,0.2238991035038609,0.18095503817475977,0.9376856738893408,0.03819322383702228
36,0.8,3,cyclical,0.3,"['val_last_day', 'mean_24h', 'day_continuous', 'thermal_consumption_kwh']",rbf,SVR,0.22315683949495524,0.17896366728412014,0.9071887567107763,0.04877769849873992
37,0.8,3,cyclical,0.3,"['val_last_day', 'month', 'hour', 'thermal_consumption_kwh']",rbf,SVR,0.23257739351381448,0.1809796428577431,1.08798656262903,0.03806244576608586
38,0.8,3,cyclical,0.3,"['val_last_day', 'month', 'weekday', 'thermal_consumption_kwh']",rbf,SVR,0.2247252582430634,0.17906033096711246,0.9871982811178682,0.048263914598337565
39,0.8,3,cyclical,0.3,"['val_last_day', 'month', 'day_continuous', 'thermal_consumption_kwh']",rbf,SVR,0.21519718426807086,0.17878614817763241,0.9015208740088643,0.049721242714145575
40,0.8,3,cyclical,0.3,"['val_last_day', 'hour', 'weekday', 'thermal_consumption_kwh']",rbf,SVR,0.22079813248234229,0.1759090310732777,1.0624807356024906,0.06501360900963538
41,0.8,3,cyclical,0.3,"['val_last_day', 'hour', 'day_continuous', 'thermal_consumption_kwh']",rbf,SVR,0.2133716573293424,0.17736720243601686,0.9648477076024017,0.05726318044110401
42,0.8,3,cyclical,0.3,"['val_last_day', 'weekday', 'day_continuous', 'thermal_consumption_kwh']",rbf,SVR,0.2115933106602446,0.1807260033406745,0.9542498157945544,0.039410582898270485
43,0.8,3,cyclical,0.3,"['val_last_week', 'mean_24h', 'month', 'thermal_consumption_kwh']",rbf,SVR,0.22182303146287227,0.18239643968653318,0.9724598173009024,0.030531929875942554
44,0.8,3,cyclical,0.3,"['val_last_week', 'mean_24h', 'hour', 'thermal_consumption_kwh']",rbf,SVR,0.22665271802734457,0.17446194100756124,1.2786473205173068,0.07270513860153349
45,0.8,3,cyclical,0.3,"['val_last_week', 'mean_24h', 'weekday', 'thermal_consumption_kwh']",rbf,SVR,0.22169937164253478,0.1837854821816984,0.989290761598333,0.023148932985090576
46,0.8,3,cyclical,0.3,"['val_last_week', 'mean_24h', 'day_continuous', 'thermal_consumption_kwh']",rbf,SVR,0.2253966513352026,0.18326693126218627,0.9881665640839867,0.025905119235570484
47,0.8,3,cyclical,0.3,"['val_last_week', 'month', 'hour', 'thermal_consumption_kwh']",rbf,SVR,0.235140896412331,0.18165844172250675,1.07638039221925,0.03445451445692338
48,0.8,3,cyclical,0.3,"['val_last_week', 'month', 'weekday', 'thermal_consumption_kwh']",rbf,SVR,0.22354602119255174,0.1836128907110068,0.9985656119994796,0.02406628597892546
49,0.8,3,cyclical,0.3,"['val_last_week', 'month', 'day_continuous', 'thermal_consumption_kwh']",rbf,SVR,0.21453829694534238,0.18646009887096016,1.0073566476866145,0.008932890805120275
50,0.8,3,cyclical,0.3,"['val_last_week', 'hour', 'weekday', 'thermal_consumption_kwh']",rbf,SVR,0.2168764137445765,0.17592323410999017,0.9974135495601133,0.06493811745609845
51,0.8,3,cyclical,0.3,"['val_last_week', 'hour', 'day_continuous', 'thermal_consumption_kwh']",rbf,SVR,0.21900732472149365,0.17759664990094892,1.0013728663241008,0.056043628176789984
52,0.8,3,cyclical,0.3,"['val_last_week', 'weekday', 'day_continuous', 'thermal_consumption_kwh']",rbf,SVR,0.21479991954779637,0.18394802100346486,0.9689498262335637,0.022285011528460408
53,0.8,3,cyclical,0.3,"['mean_24h', 'month', 'hour', 'thermal_consumption_kwh']",rbf,SVR,0.2496142015624928,0.1777068266589431,1.4613441574260533,0.055458019986582396
54,0.8,3,cyclical,0.3,"['mean_24h', 'month', 'weekday', 'thermal_consumption_kwh']",rbf,SVR,0.20410707724605642,0.18939305763113898,1.0156430662650577,-0.006656283379807393
55,0.8,3,cyclical,0.3,"['mean_24h', 'month', 'day_continuous', 'thermal_consumption_kwh']",rbf,SVR,0.20166757898367038,0.19054208535395953,1.1757350429679487,-0.012763560971827959
56,0.8,3,cyclical,0.3,"['mean_24h', 'hour', 'weekday', 'thermal_consumption_kwh']",rbf,SVR,0.2299550000190901,0.179840124724839,1.3901915766901571,0.044119178271810666
57,0.8,3,cyclical,0.3,"['mean_24h', 'hour', 'day_continuous', 'thermal_consumption_kwh']",rbf,SVR,0.22959158052345258,0.1795713369395022,1.238647138106682,0.045547831023866836
58,0.8,3,cyclical,0.3,"['mean_24h', 'weekday', 'day_continuous', 'thermal_consumption_kwh']",rbf,SVR,0.20300064711340457,0.18948023532055835,1.0472752071221647,-0.007119647612489288
59,0.8,3,cyclical,0.3,"['month', 'hour', 'weekday', 'thermal_consumption_kwh']",rbf,SVR,0.23541924722220234,0.18282270861138902,1.1790936164499994,0.02826623810781337
60,0.8,3,cyclical,0.3,"['month', 'hour', 'day_continuous', 'thermal_consumption_kwh']",rbf,SVR,0.20204560345150954,0.181413908877759,0.8869827987917557,0.035754248078297635
61,0.8,3,cyclical,0.3,"['month', 'weekday', 'day_continuous', 'thermal_consumption_kwh']",rbf,SVR,0.20187808188019685,0.19023422358899894,1.0802832027915323,-0.011127223378537998
62,0.8,3,cyclical,0.3,"['hour', 'weekday', 'day_continuous', 'thermal_consumption_kwh']",rbf,SVR,0.21878263913083917,0.17924269581997762,1.083015312494642,0.04729461441753635
63,0.8,3,cyclical,0.3,"['val_last_day', 'val_last_week', 'mean_24h', 'month', 'thermal_consumption_kwh']",rbf,SVR,0.22825130209481664,0.1777411043542175,0.9738054376207133,0.055275828211660216
64,0.8,3,cyclical,0.3,"['val_last_day', 'val_last_week', 'mean_24h', 'hour', 'thermal_consumption_kwh']",rbf,SVR,0.2306929013814081,0.1748281557963289,1.3572891262986622,0.07075864477123928
65,0.8,3,cyclical,0.3,"['val_last_day', 'val_last_week', 'mean_24h', 'weekday', 'thermal_consumption_kwh']",rbf,SVR,0.22346528673858587,0.17887881874668435,0.9477937546719671,0.04922868289285465
66,0.8,3,cyclical,0.3,"['val_last_day', 'val_last_week', 'mean_24h', 'day_continuous', 'thermal_consumption_kwh']",rbf,SVR,0.22578877770137754,0.1782546837688073,0.9821660904848035,0.05254606635461134
67,0.8,3,cyclical,0.3,"['val_last_day', 'val_last_week', 'month', 'hour', 'thermal_consumption_kwh']",rbf,SVR,0.23832722863926042,0.1824652098590956,1.1074328797174555,0.030166404723199758
68,0.8,3,cyclical,0.3,"['val_last_day', 'val_last_week', 'month', 'weekday', 'thermal_consumption_kwh']",rbf,SVR,0.22456736627701912,0.17797478077565396,0.9811558855737612,0.054033798324931936
69,0.8,3,cyclical,0.3,"['val_last_day', 'val_last_week', 'month', 'day_continuous', 'thermal_consumption_kwh']",rbf,SVR,0.2153822565529597,0.17719207436683038,0.9260905639817913,0.05819401588696349
70,0.8,3,cyclical,0.3,"['val_last_day', 'val_last_week', 'hour', 'weekday', 'thermal_consumption_kwh']",rbf,SVR,0.21997747491533903,0.17508075065962284,1.0645045912339526,0.06941606015137669
71,0.8,3,cyclical,0.3,"['val_last_day', 'val_last_week', 'hour', 'day_continuous', 'thermal_consumption_kwh']",rbf,SVR,0.21575674976138653,0.17494032279785734,0.9821523210238154,0.07016245809846067
72,0.8,3,cyclical,0.3,"['val_last_day', 'val_last_week', 'weekday', 'day_continuous', 'thermal_consumption_kwh']",rbf,SVR,0.21157834821410518,0.17806215522713398,0.9330026852674987,0.05356938826846336
73,0.8,3,cyclical,0.3,"['val_last_day', 'mean_24h', 'month', 'hour', 'thermal_consumption_kwh']",rbf,SVR,0.24616091124599646,0.17849870277911514,1.3658015222340336,0.05124906385059702
74,0.8,3,cyclical,0.3,"['val_last_day', 'mean_24h', 'month', 'weekday', 'thermal_consumption_kwh']",rbf,SVR,0.22839791736399037,0.17975025949918286,1.0300163124605104,0.04459682721626301
75,0.8,3,cyclical,0.3,"['val_last_day', 'mean_24h', 'month', 'day_continuous', 'thermal_consumption_kwh']",rbf,SVR,0.21119249041618157,0.17622599563981867,0.889623270892365,0.06332888847917828
76,0.8,3,cyclical,0.3,"['val_last_day', 'mean_24h', 'hour', 'weekday', 'thermal_consumption_kwh']",rbf,SVR,0.23129175775935035,0.1774714192805208,1.4609005447633938,0.05670925020381834
77,0.8,3,cyclical,0.3,"['val_last_day', 'mean_24h', 'hour', 'day_continuous', 'thermal_consumption_kwh']",rbf,SVR,0.22944674260712886,0.17752334713964493,1.3229427880431994,0.056433244808881455
78,0.8,3,cyclical,0.3,"['val_last_day', 'mean_24h', 'weekday', 'day_continuous', 'thermal_consumption_kwh']",rbf,SVR,0.2223438612684522,0.1804825490143994,0.935084705690415,0.04070458401069854
79,0.8,3,cyclical,0.3,"['val_last_day', 'month', 'hour', 'weekday', 'thermal_consumption_kwh']",rbf,SVR,0.22672943147312818,0.1790951616119741,1.119391386956281,0.048078783802400715
80,0.8,3,cyclical,0.3,"['val_last_day', 'month', 'hour', 'day_continuous', 'thermal_consumption_kwh']",rbf,SVR,0.2161393992323383,0.18387398603572783,1.022227740595009,0.022678519962161525
81,0.8,3,cyclical,0.3,"['val_last_day', 'month', 'weekday', 'day_continuous', 'thermal_consumption_kwh']",rbf,SVR,0.2197499158719589,0.17972278137803266,0.9145519882001485,0.044742878099316985
82,0.8,3,cyclical,0.3,"['val_last_day', 'hour', 'weekday', 'day_continuous', 'thermal_consumption_kwh']",rbf,SVR,0.21644943233618208,0.17669355990426877,1.0400652342121095,0.06084370496411384
83,0.8,3,cyclical,0.3,"['val_last_week', 'mean_24h', 'month', 'hour', 'thermal_consumption_kwh']",rbf,SVR,0.24804792221350103,0.18068753014369665,1.2256054063516006,0.03961507447765511
84,0.8,3,cyclical,0.3,"['val_last_week', 'mean_24h', 'month', 'weekday', 'thermal_consumption_kwh']",rbf,SVR,0.23398764970499217,0.1858622910352446,1.0613134379302587,0.01211034103272457
85,0.8,3,cyclical,0.3,"['val_last_week', 'mean_24h', 'month', 'day_continuous', 'thermal_consumption_kwh']",rbf,SVR,0.21994996533732977,0.18377053439160868,1.001010568545391,0.023228383029377797
86,0.8,3,cyclical,0.3,"['val_last_week', 'mean_24h', 'hour', 'weekday', 'thermal_consumption_kwh']",rbf,SVR,0.22855588724011663,0.17655431424022525,1.3388360259267833,0.06158381932942392
87,0.8,3,cyclical,0.3,"['val_last_week', 'mean_24h', 'hour', 'day_continuous', 'thermal_consumption_kwh']",rbf,SVR,0.23060617935908895,0.17789779811329123,1.2141128454615298,0.054442974256447174
88,0.8,3,cyclical,0.3,"['val_last_week', 'mean_24h', 'weekday', 'day_continuous', 'thermal_consumption_kwh']",rbf,SVR,0.22502016374576814,0.18477443946382355,1.0233270771816227,0.017892456984875182
89,0.8,3,cyclical,0.3,"['val_last_week', 'month', 'hour', 'weekday', 'thermal_consumption_kwh']",rbf,SVR,0.23420557863763597,0.18467493160737986,1.0050135729277618,0.018421358150459644
90,0.8,3,cyclical,0.3,"['val_last_week', 'month', 'hour', 'day_continuous', 'thermal_consumption_kwh']",rbf,SVR,0.22600173199168586,0.18972867836131158,1.0901524826031206,-0.008440164590061583
91,0.8,3,cyclical,0.3,"['val_last_week', 'month', 'weekday', 'day_continuous', 'thermal_consumption_kwh']",rbf,SVR,0.22055184413100087,0.18484397847247544,0.985423463928214,0.017522845337674564
92,0.8,3,cyclical,0.3,"['val_last_week', 'hour', 'weekday', 'day_continuous', 'thermal_consumption_kwh']",rbf,SVR,0.2199575380044498,0.17667157338187514,1.0480182408361036,0.06096056706663244
93,0.8,3,cyclical,0.3,"['mean_24h', 'month', 'hour', 'weekday', 'thermal_consumption_kwh']",rbf,SVR,0.23153060726082147,0.18117361212086075,1.2460505283257386,0.037031466172946836
94,0.8,3,cyclical,0.3,"['mean_24h', 'month', 'hour', 'day_continuous', 'thermal_consumption_kwh']",rbf,SVR,0.21775574815560425,0.1832119959311948,0.9574088224349872,0.026197109854518064
95,0.8,3,cyclical,0.3,"['mean_24h', 'month', 'weekday', 'day_continuous', 'thermal_consumption_kwh']",rbf,SVR,0.20614497752481628,0.19010590887091094,0.9668888583029096,-0.010445208848390841
96,0.8,3,cyclical,0.3,"['mean_24h', 'hour', 'weekday', 'day_continuous', 'thermal_consumption_kwh']",rbf,SVR,0.23113572837028448,0.18117930023740636,1.449684185987259,0.03700123286696988
97,0.8,3,cyclical,0.3,"['month', 'hour', 'weekday', 'day_continuous', 'thermal_consumption_kwh']",rbf,SVR,0.20714046516322715,0.18711405627637617,0.7598880915050886,0.005456996073503917
98,0.8,3,cyclical,0.3,"['val_last_day', 'val_last_week', 'mean_24h', 'month', 'hour', 'thermal_consumption_kwh']",rbf,SVR,0.2431363849152229,0.17854571251246817,1.2476350432267391,0.050999199129831974
99,0.8,3,cyclical,0.3,"['val_last_day', 'val_last_week', 'mean_24h', 'month', 'weekday', 'thermal_consumption_kwh']",rbf,SVR,0.23311816621277676,0.17973827298985984,1.0275735180642935,0.04466053755008803
100,0.8,3,cyclical,0.3,"['val_last_day', 'val_last_week', 'mean_24h', 'month', 'day_continuous', 'thermal_consumption_kwh']",rbf,SVR,0.2193568583041949,0.1758032467814276,0.9474472897942325,0.06557587049590996
101,0.8,3,cyclical,0.3,"['val_last_day', 'val_last_week', 'mean_24h', 'hour', 'weekday', 'thermal_consumption_kwh']",rbf,SVR,0.2300807425698158,0.17668995221859882,1.3659888770688644,0.06086288042647525
102,0.8,3,cyclical,0.3,"['val_last_day', 'val_last_week', 'mean_24h', 'hour', 'day_continuous', 'thermal_consumption_kwh']",rbf,SVR,0.2285040799905501,0.1767230931001303,1.218925277217428,0.060686731009766515
103,0.8,3,cyclical,0.3,"['val_last_day', 'val_last_week', 'mean_24h', 'weekday', 'day_continuous', 'thermal_consumption_kwh']",rbf,SVR,0.22773129077408436,0.17989920867607362,0.9910500441344781,0.04380513703132838
104,0.8,3,cyclical,0.3,"['val_last_day', 'val_last_week', 'month', 'hour', 'weekday', 'thermal_consumption_kwh']",rbf,SVR,0.22740054418260183,0.18128108655060435,1.0332244961172146,0.036460221316576225
105,0.8,3,cyclical,0.3,"['val_last_day', 'val_last_week', 'month', 'hour', 'day_continuous', 'thermal_consumption_kwh']",rbf,SVR,0.22023303119854806,0.183783540641258,1.0603743834201298,0.023159252602442115
106,0.8,3,cyclical,0.3,"['val_last_day', 'val_last_week', 'month', 'weekday', 'day_continuous', 'thermal_consumption_kwh']",rbf,SVR,0.22712090861809986,0.17989471562393028,0.9978234027686296,0.0438290183669392
107,0.8,3,cyclical,0.3,"['val_last_day', 'val_last_week', 'hour', 'weekday', 'day_continuous', 'thermal_consumption_kwh']",rbf,SVR,0.21763489409510026,0.17482093371327814,1.0385562588826327,0.07079703136984572
108,0.8,3,cyclical,0.3,"['val_last_day', 'mean_24h', 'month', 'hour', 'weekday', 'thermal_consumption_kwh']",rbf,SVR,0.22665169552294437,0.179045294312229,1.2383202135955222,0.04834383697410349
109,0.8,3,cyclical,0.3,"['val_last_day', 'mean_24h', 'month', 'hour', 'day_continuous', 'thermal_consumption_kwh']",rbf,SVR,0.21605795079819975,0.17729605166248208,0.9137716935300705,0.05764135889253186
110,0.8,3,cyclical,0.3,"['val_last_day', 'mean_24h', 'month', 'weekday', 'day_continuous', 'thermal_consumption_kwh']",rbf,SVR,0.2176500813227556,0.1788926808599356,0.933697885745031,0.04915500340544454
111,0.8,3,cyclical,0.3,"['val_last_day', 'mean_24h', 'hour', 'weekday', 'day_continuous', 'thermal_consumption_kwh']",rbf,SVR,0.23082199479866836,0.17882849048172408,1.4413982774355165,0.04949618617300411
112,0.8,3,cyclical,0.3,"['val_last_day', 'month', 'hour', 'weekday', 'day_continuous', 'thermal_consumption_kwh']",rbf,SVR,0.2109226760257957,0.18249324547056145,0.8707729540449572,0.030017390684388134
113,0.8,3,cyclical,0.3,"['val_last_week', 'mean_24h', 'month', 'hour', 'weekday', 'thermal_consumption_kwh']",rbf,SVR,0.2343716413854015,0.1810090896117702,1.098842322789806,0.037905931264776926
114,0.8,3,cyclical,0.3,"['val_last_week', 'mean_24h', 'month', 'hour', 'day_continuous', 'thermal_consumption_kwh']",rbf,SVR,0.22737541797986213,0.1845899066239932,1.0118490853442774,0.018873280384785418
115,0.8,3,cyclical,0.3,"['val_last_week', 'mean_24h', 'month', 'weekday', 'day_continuous', 'thermal_consumption_kwh']",rbf,SVR,0.22539422728705075,0.1852716385929903,1.0246087199529583,0.015249759128222684
116,0.8,3,cyclical,0.3,"['val_last_week', 'mean_24h', 'hour', 'weekday', 'day_continuous', 'thermal_consumption_kwh']",rbf,SVR,0.23420294005402417,0.17913998071632084,1.4155206819206336,0.04784056264704062
117,0.8,3,cyclical,0.3,"['val_last_week', 'month', 'hour', 'weekday', 'day_continuous', 'thermal_consumption_kwh']",rbf,SVR,0.22180045195219583,0.18933101267130326,0.9860462843083646,-0.0063265038754691805
118,0.8,3,cyclical,0.3,"['mean_24h', 'month', 'hour', 'weekday', 'day_continuous', 'thermal_consumption_kwh']",rbf,SVR,0.20755737427493287,0.18519564251207454,0.8051531606134706,0.015653691211705345
119,0.8,3,cyclical,0.3,"['val_last_day', 'val_last_week', 'mean_24h', 'month', 'hour', 'weekday', 'thermal_consumption_kwh']",rbf,SVR,0.21970481373164732,0.17668520209611535,1.0095456321669678,0.06088812813462574
120,0.8,3,cyclical,0.3,"['val_last_day', 'val_last_week', 'mean_24h', 'month', 'hour', 'day_continuous', 'thermal_consumption_kwh']",rbf,SVR,0.21786252257465122,0.17860747211871666,0.975867192107824,0.05067093632829778
121,0.8,3,cyclical,0.3,"['val_last_day', 'val_last_week', 'mean_24h', 'month', 'weekday', 'day_continuous', 'thermal_consumption_kwh']",rbf,SVR,0.2220441950186219,0.1782834834336347,0.9718512639686837,0.052392991242353415
122,0.8,3,cyclical,0.3,"['val_last_day', 'val_last_week', 'mean_24h', 'hour', 'weekday', 'day_continuous', 'thermal_consumption_kwh']",rbf,SVR,0.23283680176036542,0.17725119117112595,1.40784294906081,0.057879800026879646
123,0.8,3,cyclical,0.3,"['val_last_day', 'val_last_week', 'month', 'hour', 'weekday', 'day_continuous', 'thermal_consumption_kwh']",rbf,SVR,0.21665111833742234,0.18251047265681156,0.972958981610038,0.029925825262188677
124,0.8,3,cyclical,0.3,"['val_last_day', 'mean_24h', 'month', 'hour', 'weekday', 'day_continuous', 'thermal_consumption_kwh']",rbf,SVR,0.21143087720599646,0.18272009053693475,0.8734911169191585,0.028811670610618845
125,0.8,3,cyclical,0.3,"['val_last_week', 'mean_24h', 'month', 'hour', 'weekday', 'day_continuous', 'thermal_consumption_kwh']",rbf,SVR,0.21539253269732342,0.18371164224994685,0.9301009436570388,0.02354140476938804
126,0.8,3,cyclical,0.3,"['val_last_day', 'val_last_week', 'mean_24h', 'month', 'hour', 'weekday', 'day_continuous', 'thermal_consumption_kwh']",rbf,SVR,0.21435371818877702,0.17925789067713857,0.895840300683995,0.047213851169783716
127,0.8,3,onehot,0.3,"['val_last_day', 'thermal_consumption_kwh']",rbf,SVR,0.20397125385013448,0.17858210719182935,0.848924897740819,0.05080575522476627
128,0.8,3,onehot,0.3,"['val_last_week', 'thermal_consumption_kwh']",rbf,SVR,0.20671526189163159,0.18234364468769462,0.9598380597217566,0.030812544265807817
129,0.8,3,onehot,0.3,"['mean_24h', 'thermal_consumption_kwh']",rbf,SVR,0.20186737186577344,0.1896141619610979,1.0662780085460932,-0.007831490464055957
130,0.8,3,onehot,0.3,"['month', 'thermal_consumption_kwh']",rbf,SVR,0.20188230044205976,0.18959975986851668,1.0661187550714057,-0.007754940894752593
131,0.8,3,onehot,0.3,"['hour', 'thermal_consumption_kwh']",rbf,SVR,0.22240076870685313,0.18270859378872145,1.1527985280307567,0.028872777780924452
132,0.8,3,onehot,0.3,"['weekday', 'thermal_consumption_kwh']",rbf,SVR,0.20188230044205988,0.1895997598685175,1.0661187550713755,-0.007754940894757034
133,0.8,3,onehot,0.3,"['day_continuous', 'thermal_consumption_kwh']",rbf,SVR,0.20188230044206215,0.18959975986851407,1.0661187550713838,-0.0077549408947388265
134,0.8,3,onehot,0.3,"['val_last_day', 'val_last_week', 'thermal_consumption_kwh']",rbf,SVR,0.2117330180312426,0.17501319497537438,0.898977801333502,0.06977513009236258
135,0.8,3,onehot,0.3,"['val_last_day', 'mean_24h', 'thermal_consumption_kwh']",rbf,SVR,0.22657351651046737,0.17825369781093076,0.9434163652222566,0.05255130688826115
136,0.8,3,onehot,0.3,"['val_last_day', 'month', 'thermal_consumption_kwh']",rbf,SVR,0.23156925523323021,0.17993984435896826,1.0561714929529809,0.04358915147184195
137,0.8,3,onehot,0.3,"['val_last_day', 'hour', 'thermal_consumption_kwh']",rbf,SVR,0.21803692586932488,0.17920260687553008,1.1770463152960213,0.04750769396927368
138,0.8,3,onehot,0.3,"['val_last_day', 'weekday', 'thermal_consumption_kwh']",rbf,SVR,0.21271258333767057,0.1812473672160424,0.9449931215418931,0.03663944530943397
139,0.8,3,onehot,0.3,"['val_last_day', 'day_continuous', 'thermal_consumption_kwh']",rbf,SVR,0.2078040708492312,0.18165632096188383,0.9231202003588393,0.03446578665999833
140,0.8,3,onehot,0.3,"['val_last_week', 'mean_24h', 'thermal_consumption_kwh']",rbf,SVR,0.2169765538000454,0.18071992177758928,0.9253204773399211,0.03944290743946066
141,0.8,3,onehot,0.3,"['val_last_week', 'month', 'thermal_consumption_kwh']",rbf,SVR,0.23205202306593628,0.1833328573516094,0.9537748998588531,0.025554710867985442
142,0.8,3,onehot,0.3,"['val_last_week', 'hour', 'thermal_consumption_kwh']",rbf,SVR,0.215643096464412,0.1789094335754124,0.9594961218323425,0.049065959876028575
143,0.8,3,onehot,0.3,"['val_last_week', 'weekday', 'thermal_consumption_kwh']",rbf,SVR,0.2078697098006702,0.183764087203064,0.9171534445603935,0.02326265093201263
144,0.8,3,onehot,0.3,"['val_last_week', 'day_continuous', 'thermal_consumption_kwh']",rbf,SVR,0.21548887672139674,0.18510987554362412,1.0190007322142893,0.01610955722272467
145,0.8,3,onehot,0.3,"['mean_24h', 'month', 'thermal_consumption_kwh']",rbf,SVR,0.20424701259902175,0.1893283112697994,1.0616228280122602,-0.0063121454674484045
146,0.8,3,onehot,0.3,"['mean_24h', 'hour', 'thermal_consumption_kwh']",rbf,SVR,0.22958125947072813,0.180406156031938,1.547746386470974,0.041110625693338565
147,0.8,3,onehot,0.3,"['mean_24h', 'weekday', 'thermal_consumption_kwh']",rbf,SVR,0.20253696818943823,0.18993694611719128,1.0434681112306414,-0.009547143101861222
148,0.8,3,onehot,0.3,"['mean_24h', 'day_continuous', 'thermal_consumption_kwh']",rbf,SVR,0.2018878853490031,0.18959534883721568,1.0657109150603612,-0.0077314955138561015
149,0.8,3,onehot,0.3,"['month', 'hour', 'thermal_consumption_kwh']",rbf,SVR,0.24877092757325156,0.18640136520122727,1.383760836920232,0.0092450702399004
150,0.8,3,onehot,0.3,"['month', 'weekday', 'thermal_consumption_kwh']",rbf,SVR,0.21489903025461743,0.1903967717425159,1.0566760874280459,-0.011991194435007735
151,0.8,3,onehot,0.3,"['month', 'day_continuous', 'thermal_consumption_kwh']",rbf,SVR,0.2064009704626904,0.1888230579299977,1.0112194534927654,-0.003626638112682601
152,0.8,3,onehot,0.3,"['hour', 'weekday', 'thermal_consumption_kwh']",rbf,SVR,0.219796305630876,0.18087089176783083,1.4383498009903488,0.03864047628818568
153,0.8,3,onehot,0.3,"['hour', 'day_continuous', 'thermal_consumption_kwh']",rbf,SVR,0.22224390182372356,0.18459833937161657,1.0289296237176258,0.018828458898256795
154,0.8,3,onehot,0.3,"['weekday', 'day_continuous', 'thermal_consumption_kwh']",rbf,SVR,0.20187274769713537,0.18960240625252028,1.0672151810277208,-0.007769006875411044
155,0.8,3,onehot,0.3,"['val_last_day', 'val_last_week', 'mean_24h', 'thermal_consumption_kwh']",rbf,SVR,0.2209553952750818,0.17501702287727214,0.9272519140010772,0.0697547841433308
156,0.8,3,onehot,0.3,"['val_last_day', 'val_last_week', 'month', 'thermal_consumption_kwh']",rbf,SVR,0.23420625417540197,0.17917851438256593,1.0965057309758406,0.04763574966322559
157,0.8,3,onehot,0.3,"['val_last_day', 'val_last_week', 'hour', 'thermal_consumption_kwh']",rbf,SVR,0.2168819149138471,0.1776796960822431,1.1253817994736424,0.05560222361182798
158,0.8,3,onehot,0.3,"['val_last_day', 'val_last_week', 'weekday', 'thermal_consumption_kwh']",rbf,SVR,0.2111031261882342,0.17682471705086192,0.9101135109233577,0.06014658244347049
159,0.8,3,onehot,0.3,"['val_last_day', 'val_last_week', 'day_continuous', 'thermal_consumption_kwh']",rbf,SVR,0.21077108736644912,0.17708065953910884,0.9445463574347286,0.05878620462814732
160,0.8,3,onehot,0.3,"['val_last_day', 'mean_24h', 'month', 'thermal_consumption_kwh']",rbf,SVR,0.23788230858780168,0.18027121497319668,1.1377198781733149,0.04182786035001984
161,0.8,3,onehot,0.3,"['val_last_day', 'mean_24h', 'hour', 'thermal_consumption_kwh']",rbf,SVR,0.23156797257355238,0.17920422654801746,1.5331155062511541,0.04749908513478496
162,0.8,3,onehot,0.3,"['val_last_day', 'mean_24h', 'weekday', 'thermal_consumption_kwh']",rbf,SVR,0.22536573619495298,0.1811342563224674,1.0261797058249227,0.03724064892882817
163,0.8,3,onehot,0.3,"['val_last_day', 'mean_24h', 'day_continuous', 'thermal_consumption_kwh']",rbf,SVR,0.22315683949495524,0.17896366728412014,0.9071887567107763,0.04877769849873992
164,0.8,3,onehot,0.3,"['val_last_day', 'month', 'hour', 'thermal_consumption_kwh']",rbf,SVR,0.24725904458124143,0.18355570768200302,1.5500977767665771,0.02437022349474227
165,0.8,3,onehot,0.3,"['val_last_day', 'month', 'weekday', 'thermal_consumption_kwh']",rbf,SVR,0.23717743917744383,0.18262897459887445,1.3301173394026442,0.029295967304022952
166,0.8,3,onehot,0.3,"['val_last_day', 'month', 'day_continuous', 'thermal_consumption_kwh']",rbf,SVR,0.19623370457926995,0.17848947295569617,0.8966006066046995,0.05129812193042005
167,0.8,3,onehot,0.3,"['val_last_day', 'hour', 'weekday', 'thermal_consumption_kwh']",rbf,SVR,0.21557941564363448,0.1771255656697984,1.4693619212620095,0.058547520912987316
168,0.8,3,onehot,0.3,"['val_last_day', 'hour', 'day_continuous', 'thermal_consumption_kwh']",rbf,SVR,0.21885902164434576,0.181236670039932,1.0798018368178486,0.036696302618147714
169,0.8,3,onehot,0.3,"['val_last_day', 'weekday', 'day_continuous', 'thermal_consumption_kwh']",rbf,SVR,0.2111415389283747,0.18154732077395072,0.9270392882311594,0.035045141180406025
170,0.8,3,onehot,0.3,"['val_last_week', 'mean_24h', 'month', 'thermal_consumption_kwh']",rbf,SVR,0.23279640646040714,0.1821217237365098,0.985150166361777,0.031992091830634006
171,0.8,3,onehot,0.3,"['val_last_week', 'mean_24h', 'hour', 'thermal_consumption_kwh']",rbf,SVR,0.2290420097680859,0.17762038873023486,1.522530090043292,0.05591745226538303
172,0.8,3,onehot,0.3,"['val_last_week', 'mean_24h', 'weekday', 'thermal_consumption_kwh']",rbf,SVR,0.22373514405041672,0.18696907385323258,0.9609811670955529,0.006227602288233158
173,0.8,3,onehot,0.3,"['val_last_week', 'mean_24h', 'day_continuous', 'thermal_consumption_kwh']",rbf,SVR,0.2253966513352026,0.18326693126218627,0.9881665640839867,0.025905119235570484
174,0.8,3,onehot,0.3,"['val_last_week', 'month', 'hour', 'thermal_consumption_kwh']",rbf,SVR,0.24889547499066764,0.18530433412298303,1.395498774214271,0.015075976830617566
175,0.8,3,onehot,0.3,"['val_last_week', 'month', 'weekday', 'thermal_consumption_kwh']",rbf,SVR,0.23312104185856272,0.1837464495620597,1.0122351318649876,0.023356397990975886
176,0.8,3,onehot,0.3,"['val_last_week', 'month', 'day_continuous', 'thermal_consumption_kwh']",rbf,SVR,0.20466791756209915,0.1886718439771276,1.0670014323788068,-0.0028229102585821675
177,0.8,3,onehot,0.3,"['val_last_week', 'hour', 'weekday', 'thermal_consumption_kwh']",rbf,SVR,0.2199664600309595,0.18016105629444548,1.4540981927246908,0.04241337244597898
178,0.8,3,onehot,0.3,"['val_last_week', 'hour', 'day_continuous', 'thermal_consumption_kwh']",rbf,SVR,0.2225268089311917,0.1826295122394567,1.0934730170422295,0.029293109652971272
179,0.8,3,onehot,0.3,"['val_last_week', 'weekday', 'day_continuous', 'thermal_consumption_kwh']",rbf,SVR,0.2170877387292048,0.18545166429373103,0.9875337666556575,0.014292891938436636
180,0.8,3,onehot,0.3,"['mean_24h', 'month', 'hour', 'thermal_consumption_kwh']",rbf,SVR,0.26137637249089113,0.18481162530291298,1.7698828367125772,0.01769480793141831
181,0.8,3,onehot,0.3,"['mean_24h', 'month', 'weekday', 'thermal_consumption_kwh']",rbf,SVR,0.22482901121677037,0.1909839643474739,1.099404160024227,-0.015112222907373019
182,0.8,3,onehot,0.3,"['mean_24h', 'month', 'day_continuous', 'thermal_consumption_kwh']",rbf,SVR,0.20090686329286928,0.19157096990961417,1.22681444937418,-0.018232257215379466
183,0.8,3,onehot,0.3,"['mean_24h', 'hour', 'weekday', 'thermal_consumption_kwh']",rbf,SVR,0.2281950418191897,0.17704765259856442,1.547043277789594,0.05896164212575039
184,0.8,3,onehot,0.3,"['mean_24h', 'hour', 'day_continuous', 'thermal_consumption_kwh']",rbf,SVR,0.22803185036063311,0.18308348416677,1.331781077408882,0.026880171719427692
185,0.8,3,onehot,0.3,"['mean_24h', 'weekday', 'day_continuous', 'thermal_consumption_kwh']",rbf,SVR,0.204384198380972,0.19028816768332166,0.9999018820637485,-0.011413945406158144
186,0.8,3,onehot,0.3,"['month', 'hour', 'weekday', 'thermal_consumption_kwh']",rbf,SVR,0.26306133183978225,0.186839480905932,1.866511062565501,0.00691641082384431
187,0.8,3,onehot,0.3,"['month', 'hour', 'day_continuous', 'thermal_consumption_kwh']",rbf,SVR,0.19507328065882254,0.1806323013650739,0.8877128764613982,0.03990862482062629
188,0.8,3,onehot,0.3,"['month', 'weekday', 'day_continuous', 'thermal_consumption_kwh']",rbf,SVR,0.20945209874089304,0.1899142794145923,1.0893669491134825,-0.009426665725973393
189,0.8,3,onehot,0.3,"['hour', 'weekday', 'day_continuous', 'thermal_consumption_kwh']",rbf,SVR,0.2240458073089974,0.18664197926103396,1.42337576756368,0.007966165626376087
190,0.8,3,onehot,0.3,"['val_last_day', 'val_last_week', 'mean_24h', 'month', 'thermal_consumption_kwh']",rbf,SVR,0.242610335767312,0.18052970333770565,1.2190777289806134,0.040453950769763214
191,0.8,3,onehot,0.3,"['val_last_day', 'val_last_week', 'mean_24h', 'hour', 'thermal_consumption_kwh']",rbf,SVR,0.22941502682659087,0.17694427313695824,1.444367053369402,0.05951112153064475
192,0.8,3,onehot,0.3,"['val_last_day', 'val_last_week', 'mean_24h', 'weekday', 'thermal_consumption_kwh']",rbf,SVR,0.2265019951710267,0.18033559979826885,1.0261740692970902,0.041485644064355065
193,0.8,3,onehot,0.3,"['val_last_day', 'val_last_week', 'mean_24h', 'day_continuous', 'thermal_consumption_kwh']",rbf,SVR,0.22578877770137754,0.1782546837688073,0.9821660904848035,0.05254606635461134
194,0.8,3,onehot,0.3,"['val_last_day', 'val_last_week', 'month', 'hour', 'thermal_consumption_kwh']",rbf,SVR,0.2551584446492967,0.18740276264390554,1.612831014331024,0.003922472672486577
195,0.8,3,onehot,0.3,"['val_last_day', 'val_last_week', 'month', 'weekday', 'thermal_consumption_kwh']",rbf,SVR,0.24241795988035034,0.18118692551253834,1.238553740131334,0.03696070323394052
196,0.8,3,onehot,0.3,"['val_last_day', 'val_last_week', 'month', 'day_continuous', 'thermal_consumption_kwh']",rbf,SVR,0.20398768906867296,0.1781655154131286,0.9241754015022124,0.05302001131671974
197,0.8,3,onehot,0.3,"['val_last_day', 'val_last_week', 'hour', 'weekday', 'thermal_consumption_kwh']",rbf,SVR,0.21899449163537957,0.18115126135312176,1.499593568440154,0.03715026430136936
198,0.8,3,onehot,0.3,"['val_last_day', 'val_last_week', 'hour', 'day_continuous', 'thermal_consumption_kwh']",rbf,SVR,0.2196407672624791,0.181038890976133,1.058449902801658,0.03774753194927771
199,0.8,3,onehot,0.3,"['val_last_day', 'val_last_week', 'weekday', 'day_continuous', 'thermal_consumption_kwh']",rbf,SVR,0.2114027783132453,0.17803446365738762,0.9319326894272953,0.05371657366707561
200,0.8,3,onehot,0.3,"['val_last_day', 'mean_24h', 'month', 'hour', 'thermal_consumption_kwh']",rbf,SVR,0.26472911442952174,0.18710858127510302,1.825716029142185,0.005486096635594517
201,0.8,3,onehot,0.3,"['val_last_day', 'mean_24h', 'month', 'weekday', 'thermal_consumption_kwh']",rbf,SVR,0.2503925534561963,0.18612614766439453,1.4107957967160731,0.010707898213714429
202,0.8,3,onehot,0.3,"['val_last_day', 'mean_24h', 'month', 'day_continuous', 'thermal_consumption_kwh']",rbf,SVR,0.19603278943784033,0.175486078804304,1.0259992747865523,0.06726167218817769
203,0.8,3,onehot,0.3,"['val_last_day', 'mean_24h', 'hour', 'weekday', 'thermal_consumption_kwh']",rbf,SVR,0.22865402036799753,0.17595241853333798,1.778285449833192,0.06478299728692571
204,0.8,3,onehot,0.3,"['val_last_day', 'mean_24h', 'hour', 'day_continuous', 'thermal_consumption_kwh']",rbf,SVR,0.2282766578532358,0.18116972074805304,1.3104571341058067,0.037052149480650054
205,0.8,3,onehot,0.3,"['val_last_day', 'mean_24h', 'weekday', 'day_continuous', 'thermal_consumption_kwh']",rbf,SVR,0.22734767102160935,0.1825801908198128,1.0826143772664922,0.029555261379178854
206,0.8,3,onehot,0.3,"['val_last_day', 'month', 'hour', 'weekday', 'thermal_consumption_kwh']",rbf,SVR,0.2580817340989119,0.18342363221274877,1.8182539759327458,0.025072227056372687
207,0.8,3,onehot,0.3,"['val_last_day', 'month', 'hour', 'day_continuous', 'thermal_consumption_kwh']",rbf,SVR,0.21241256001585965,0.18014466629842057,1.0825100163895065,0.042500488059874164
208,0.8,3,onehot,0.3,"['val_last_day', 'month', 'weekday', 'day_continuous', 'thermal_consumption_kwh']",rbf,SVR,0.2231452115418267,0.18011501760993465,1.0372391143641755,0.042658075877144985
209,0.8,3,onehot,0.3,"['val_last_day', 'hour', 'weekday', 'day_continuous', 'thermal_consumption_kwh']",rbf,SVR,0.22009395049835753,0.18392923530060232,1.4936536128438833,0.02238486073128132
210,0.8,3,onehot,0.3,"['val_last_week', 'mean_24h', 'month', 'hour', 'thermal_consumption_kwh']",rbf,SVR,0.25842728986702507,0.18416089802064087,1.7406225866612652,0.02115353400965536
211,0.8,3,onehot,0.3,"['val_last_week', 'mean_24h', 'month', 'weekday', 'thermal_consumption_kwh']",rbf,SVR,0.2607332775195841,0.19250592748006115,1.2487880834335165,-0.023201715572279902
212,0.8,3,onehot,0.3,"['val_last_week', 'mean_24h', 'month', 'day_continuous', 'thermal_consumption_kwh']",rbf,SVR,0.21913188278129103,0.18215360510066547,1.0287918842203327,0.031822636962797746
213,0.8,3,onehot,0.3,"['val_last_week', 'mean_24h', 'hour', 'weekday', 'thermal_consumption_kwh']",rbf,SVR,0.23042465425951747,0.17755764818312997,1.8135324937651545,0.05625092893425243
214,0.8,3,onehot,0.3,"['val_last_week', 'mean_24h', 'hour', 'day_continuous', 'thermal_consumption_kwh']",rbf,SVR,0.2321923563029571,0.18237883771904312,1.3707014077179884,0.030625487324115963
215,0.8,3,onehot,0.3,"['val_last_week', 'mean_24h', 'weekday', 'day_continuous', 'thermal_consumption_kwh']",rbf,SVR,0.2299653664927816,0.1903147176801509,1.043817948283379,-0.011555063150737288
216,0.8,3,onehot,0.3,"['val_last_week', 'month', 'hour', 'weekday', 'thermal_consumption_kwh']",rbf,SVR,0.25425155428424956,0.1820473005312324,1.7441894448258168,0.032387663812832646
217,0.8,3,onehot,0.3,"['val_last_week', 'month', 'hour', 'day_continuous', 'thermal_consumption_kwh']",rbf,SVR,0.2265503944107307,0.18291276459753628,1.0833331464043294,0.02778757523893649
218,0.8,3,onehot,0.3,"['val_last_week', 'month', 'weekday', 'day_continuous', 'thermal_consumption_kwh']",rbf,SVR,0.2305157958997249,0.18343321588646605,1.009922649381243,0.025021288202087044
219,0.8,3,onehot,0.3,"['val_last_week', 'hour', 'weekday', 'day_continuous', 'thermal_consumption_kwh']",rbf,SVR,0.22817213892119478,0.18884494711627314,1.5710359952732618,-0.003742982857193544
220,0.8,3,onehot,0.3,"['mean_24h', 'month', 'hour', 'weekday', 'thermal_consumption_kwh']",rbf,SVR,0.25864560264177294,0.1834542998720813,1.8735271771390967,0.024909223235906386
221,0.8,3,onehot,0.3,"['mean_24h', 'month', 'hour', 'day_continuous', 'thermal_consumption_kwh']",rbf,SVR,0.1992027550299053,0.1763212111994627,0.9683667996039181,0.06282280160044018
222,0.8,3,onehot,0.3,"['mean_24h', 'month', 'weekday', 'day_continuous', 'thermal_consumption_kwh']",rbf,SVR,0.2173093662530902,0.192239705834233,1.1150395405549507,-0.021786702287756254
223,0.8,3,onehot,0.3,"['mean_24h', 'hour', 'weekday', 'day_continuous', 'thermal_consumption_kwh']",rbf,SVR,0.229246368361265,0.18402909170374998,1.5901545910692134,0.02185410698073953
224,0.8,3,onehot,0.3,"['month', 'hour', 'weekday', 'day_continuous', 'thermal_consumption_kwh']",rbf,SVR,0.23595172837698256,0.18008275834956855,1.6591459975516958,0.042829539327552735
225,0.8,3,onehot,0.3,"['val_last_day', 'val_last_week', 'mean_24h', 'month', 'hour', 'thermal_consumption_kwh']",rbf,SVR,0.25709961432305706,0.18418920232704505,1.7459929494447626,0.021003091811589325
226,0.8,3,onehot,0.3,"['val_last_day', 'val_last_week', 'mean_24h', 'month', 'weekday', 'thermal_consumption_kwh']",rbf,SVR,0.2550057983336599,0.18657120018910583,1.4044163814727284,0.008342368420604207
227,0.8,3,onehot,0.3,"['val_last_day', 'val_last_week', 'mean_24h', 'month', 'day_continuous', 'thermal_consumption_kwh']",rbf,SVR,0.193355380912378,0.17481545986120012,0.9941318022785699,0.07082612582376901
228,0.8,3,onehot,0.3,"['val_last_day', 'val_last_week', 'mean_24h', 'hour', 'weekday', 'thermal_consumption_kwh']",rbf,SVR,0.22595822840630583,0.17599583659488435,1.7909504792603528,0.06455222291211749
229,0.8,3,onehot,0.3,"['val_last_day', 'val_last_week', 'mean_24h', 'hour', 'day_continuous', 'thermal_consumption_kwh']",rbf,SVR,0.23298855627547654,0.18140250751738682,1.3876759998865784,0.035814848246019104
230,0.8,3,onehot,0.3,"['val_last_day', 'val_last_week', 'mean_24h', 'weekday', 'day_continuous', 'thermal_consumption_kwh']",rbf,SVR,0.22937781947075256,0.18248369289387326,1.049119314221227,0.030068164252679885
231,0.8,3,onehot,0.3,"['val_last_day', 'val_last_week', 'month', 'hour', 'weekday', 'thermal_consumption_kwh']",rbf,SVR,0.25463403303622795,0.1848665867043891,1.7279782162920487,0.017402678743414723
232,0.8,3,onehot,0.3,"['val_last_day', 'val_last_week', 'month', 'hour', 'day_continuous', 'thermal_consumption_kwh']",rbf,SVR,0.23703233261132386,0.18478601178514903,1.3518403746019407,0.017830948130637014
233,0.8,3,onehot,0.3,"['val_last_day', 'val_last_week', 'month', 'weekday', 'day_continuous', 'thermal_consumption_kwh']",rbf,SVR,0.22723566798147066,0.17796040801774676,1.0690375525248845,0.05411019197545819
234,0.8,3,onehot,0.3,"['val_last_day', 'val_last_week', 'hour', 'weekday', 'day_continuous', 'thermal_consumption_kwh']",rbf,SVR,0.2231681906972417,0.18559539236822972,1.4523047717793274,0.013528952799896743
235,0.8,3,onehot,0.3,"['val_last_day', 'mean_24h', 'month', 'hour', 'weekday', 'thermal_consumption_kwh']",rbf,SVR,0.26257733165334335,0.1842086682161108,1.9241468341380967,0.020899627303519686
236,0.8,3,onehot,0.3,"['val_last_day', 'mean_24h', 'month', 'hour', 'day_continuous', 'thermal_consumption_kwh']",rbf,SVR,0.21028739224974746,0.1764655935320184,1.0944817926226966,0.062055384969154304
237,0.8,3,onehot,0.3,"['val_last_day', 'mean_24h', 'month', 'weekday', 'day_continuous', 'thermal_consumption_kwh']",rbf,SVR,0.23115585611797093,0.18161680024588198,1.1300369732714826,0.03467584598099205
238,0.8,3,onehot,0.3,"['val_last_day', 'mean_24h', 'hour', 'weekday', 'day_continuous', 'thermal_consumption_kwh']",rbf,SVR,0.2305582387376908,0.18174655606573162,1.6761390747136073,0.0339861717501071
239,0.8,3,onehot,0.3,"['val_last_day', 'month', 'hour', 'weekday', 'day_continuous', 'thermal_consumption_kwh']",rbf,SVR,0.2419713099990155,0.18173375007736625,1.740636242681368,0.03405423775428962
240,0.8,3,onehot,0.3,"['val_last_week', 'mean_24h', 'month', 'hour', 'weekday', 'thermal_consumption_kwh']",rbf,SVR,0.2530397419737177,0.18120272144231162,1.79788989056401,0.036876745183117676
241,0.8,3,onehot,0.3,"['val_last_week', 'mean_24h', 'month', 'hour', 'day_continuous', 'thermal_consumption_kwh']",rbf,SVR,0.20961424546856428,0.17748031954131205,1.0832881661132083,0.0566619438053616
242,0.8,3,onehot,0.3,"['val_last_week', 'mean_24h', 'month', 'weekday', 'day_continuous', 'thermal_consumption_kwh']",rbf,SVR,0.24455722490704568,0.1903672203565862,1.2007353870511777,-0.011834123797357154
243,0.8,3,onehot,0.3,"['val_last_week', 'mean_24h', 'hour', 'weekday', 'day_continuous', 'thermal_consumption_kwh']",rbf,SVR,0.23462028381457625,0.185334321849011,1.7653956426782658,0.014916586971200796
244,0.8,3,onehot,0.3,"['val_last_week', 'month', 'hour', 'weekday', 'day_continuous', 'thermal_consumption_kwh']",rbf,SVR,0.23949255393024274,0.18257983262264213,1.7232976575284362,0.029557165258006668
245,0.8,3,onehot,0.3,"['mean_24h', 'month', 'hour', 'weekday', 'day_continuous', 'thermal_consumption_kwh']",rbf,SVR,0.2453277960494199,0.18371146086199017,1.7247316426014883,0.023542368877199737
246,0.8,3,onehot,0.3,"['val_last_day', 'val_last_week', 'mean_24h', 'month', 'hour', 'weekday', 'thermal_consumption_kwh']",rbf,SVR,0.25665347090690055,0.18300113422223882,1.8921609006844184,0.027317875667688285
247,0.8,3,onehot,0.3,"['val_last_day', 'val_last_week', 'mean_24h', 'month', 'hour', 'day_continuous', 'thermal_consumption_kwh']",rbf,SVR,0.21307496475076831,0.17655192956855822,1.163953821451691,0.06159649426454261
248,0.8,3,onehot,0.3,"['val_last_day', 'val_last_week', 'mean_24h', 'month', 'weekday', 'day_continuous', 'thermal_consumption_kwh']",rbf,SVR,0.23473185927323792,0.18237375634857045,1.1848824358115724,0.030652495671615432
249,0.8,3,onehot,0.3,"['val_last_day', 'val_last_week', 'mean_24h', 'hour', 'weekday', 'day_continuous', 'thermal_consumption_kwh']",rbf,SVR,0.2314710668936688,0.18121613113721613,1.712878320945029,0.036805470376096494
250,0.8,3,onehot,0.3,"['val_last_day', 'val_last_week', 'month', 'hour', 'weekday', 'day_continuous', 'thermal_consumption_kwh']",rbf,SVR,0.24189876320571768,0.18258181896862724,1.7165378121284953,0.029546607491571675
251,0.8,3,onehot,0.3,"['val_last_day', 'mean_24h', 'month', 'hour', 'weekday', 'day_continuous', 'thermal_consumption_kwh']",rbf,SVR,0.2445016868988817,0.1834195792231408,1.7251817439889379,0.025093769384831544
252,0.8,3,onehot,0.3,"['val_last_week', 'mean_24h', 'month', 'hour', 'weekday', 'day_continuous', 'thermal_consumption_kwh']",rbf,SVR,0.24575374988432094,0.18428272013219213,1.7724317362795434,0.02050602878648866
253,0.8,3,onehot,0.3,"['val_last_day', 'val_last_week', 'mean_24h', 'month', 'hour', 'weekday', 'day_continuous', 'thermal_consumption_kwh']",rbf,SVR,0.2412806232574967,0.18179046598543855,1.7032232527062483,0.033752783065598035
254,0.8,3,,0.3,"['val_last_day', 'thermal_consumption_kwh']",rbf,SVR,0.20397125385013448,0.17858210719182935,0.848924897740819,0.05080575522476627
255,0.8,3,,0.3,"['val_last_week', 'thermal_consumption_kwh']",rbf,SVR,0.20671526189163159,0.18234364468769462,0.9598380597217566,0.030812544265807817
256,0.8,3,,0.3,"['mean_24h', 'thermal_consumption_kwh']",rbf,SVR,0.20186737186577344,0.1896141619610979,1.0662780085460932,-0.007831490464055957
257,0.8,3,,0.3,"['month', 'thermal_consumption_kwh']",rbf,SVR,0.20188230044205996,0.1895997598685165,1.066118755071397,-0.007754940894751705
258,0.8,3,,0.3,"['hour', 'thermal_consumption_kwh']",rbf,SVR,0.2115125376574501,0.17850653273538758,0.8840301658903045,0.05120744630252627
259,0.8,3,,0.3,"['weekday', 'thermal_consumption_kwh']",rbf,SVR,0.20188230044205646,0.18959975986852465,1.06611875507114,-0.007754940894795004
260,0.8,3,,0.3,"['day_continuous', 'thermal_consumption_kwh']",rbf,SVR,0.20188230044206215,0.18959975986851407,1.0661187550713838,-0.0077549408947388265
261,0.8,3,,0.3,"['val_last_day', 'val_last_week', 'thermal_consumption_kwh']",rbf,SVR,0.2117330180312426,0.17501319497537438,0.898977801333502,0.06977513009236258
262,0.8,3,,0.3,"['val_last_day', 'mean_24h', 'thermal_consumption_kwh']",rbf,SVR,0.22657351651046737,0.17825369781093076,0.9434163652222566,0.05255130688826115
263,0.8,3,,0.3,"['val_last_day', 'month', 'thermal_consumption_kwh']",rbf,SVR,0.21200637046778048,0.18033513387073863,0.8751107822459849,0.041488120548349605
264,0.8,3,,0.3,"['val_last_day', 'hour', 'thermal_consumption_kwh']",rbf,SVR,0.2089756679529073,0.17732316365129036,0.8629080319198265,0.05749725406508921
265,0.8,3,,0.3,"['val_last_day', 'weekday', 'thermal_consumption_kwh']",rbf,SVR,0.2112557135118007,0.1816166450724504,0.9426057006631123,0.034676670754148375
266,0.8,3,,0.3,"['val_last_day', 'day_continuous', 'thermal_consumption_kwh']",rbf,SVR,0.2078040708492312,0.18165632096188383,0.9231202003588393,0.03446578665999833
267,0.8,3,,0.3,"['val_last_week', 'mean_24h', 'thermal_consumption_kwh']",rbf,SVR,0.2169765538000454,0.18071992177758928,0.9253204773399211,0.03944290743946066
268,0.8,3,,0.3,"['val_last_week', 'month', 'thermal_consumption_kwh']",rbf,SVR,0.21004392656363133,0.1832842453566398,0.9390584706727395,0.02581309188150216
269,0.8,3,,0.3,"['val_last_week', 'hour', 'thermal_consumption_kwh']",rbf,SVR,0.21140450019085458,0.178995649499772,0.9054709767241246,0.04860770758806432
270,0.8,3,,0.3,"['val_last_week', 'weekday', 'thermal_consumption_kwh']",rbf,SVR,0.2108215941567729,0.184954387892519,1.0022188904794218,0.016936000509140126
271,0.8,3,,0.3,"['val_last_week', 'day_continuous', 'thermal_consumption_kwh']",rbf,SVR,0.21548887672139674,0.18510987554362412,1.0190007322142893,0.01610955722272467
272,0.8,3,,0.3,"['mean_24h', 'month', 'thermal_consumption_kwh']",rbf,SVR,0.20193195649580198,0.18955259717008133,1.0653696550065237,-0.0075042631385831005
273,0.8,3,,0.3,"['mean_24h', 'hour', 'thermal_consumption_kwh']",rbf,SVR,0.21771817465869947,0.1784683366764076,0.9610504419049986,0.05141046484636025
274,0.8,3,,0.3,"['mean_24h', 'weekday', 'thermal_consumption_kwh']",rbf,SVR,0.2018772452978138,0.1895904644576287,1.0654367290056608,-0.007705534206387199
275,0.8,3,,0.3,"['mean_24h', 'day_continuous', 'thermal_consumption_kwh']",rbf,SVR,0.2018878853490031,0.18959534883721568,1.0657109150603612,-0.0077314955138561015
276,0.8,3,,0.3,"['month', 'hour', 'thermal_consumption_kwh']",rbf,SVR,0.22035253147133424,0.17032919577685518,1.3441146154156767,0.09467138174757683
277,0.8,3,,0.3,"['month', 'weekday', 'thermal_consumption_kwh']",rbf,SVR,0.20442481621539502,0.18932399749758755,1.0316381057330941,-0.0062892170351369625
278,0.8,3,,0.3,"['month', 'day_continuous', 'thermal_consumption_kwh']",rbf,SVR,0.2017963233884219,0.18964629572685804,1.0692313366158919,-0.008002286889308818
279,0.8,3,,0.3,"['hour', 'weekday', 'thermal_consumption_kwh']",rbf,SVR,0.2092889842376818,0.1784060233590125,0.865305230692642,0.05174167071672631
280,0.8,3,,0.3,"['hour', 'day_continuous', 'thermal_consumption_kwh']",rbf,SVR,0.2113521742765177,0.17870576983858122,0.8807186629119924,0.050148467244260586
281,0.8,3,,0.3,"['weekday', 'day_continuous', 'thermal_consumption_kwh']",rbf,SVR,0.20186692009417562,0.18960613727525974,1.0662455451529778,-0.007788837895254419
282,0.8,3,,0.3,"['val_last_day', 'val_last_week', 'mean_24h', 'thermal_consumption_kwh']",rbf,SVR,0.2209553952750818,0.17501702287727214,0.9272519140010772,0.0697547841433308
283,0.8,3,,0.3,"['val_last_day', 'val_last_week', 'month', 'thermal_consumption_kwh']",rbf,SVR,0.2107426563416031,0.18112073925032735,0.9003937806748734,0.03731249446410223
284,0.8,3,,0.3,"['val_last_day', 'val_last_week', 'hour', 'thermal_consumption_kwh']",rbf,SVR,0.20975135202698567,0.17815002270384644,0.8991101126204705,0.05310235769910854
285,0.8,3,,0.3,"['val_last_day', 'val_last_week', 'weekday', 'thermal_consumption_kwh']",rbf,SVR,0.2086868581079622,0.17871586561547925,0.9496525610523957,0.05009480647455178
286,0.8,3,,0.3,"['val_last_day', 'val_last_week', 'day_continuous', 'thermal_consumption_kwh']",rbf,SVR,0.21077108736644912,0.17708065953910884,0.9445463574347286,0.05878620462814732
287,0.8,3,,0.3,"['val_last_day', 'mean_24h', 'month', 'thermal_consumption_kwh']",rbf,SVR,0.207795663404306,0.1815536346859249,0.8777059026013915,0.03501158166539009
288,0.8,3,,0.3,"['val_last_day', 'mean_24h', 'hour', 'thermal_consumption_kwh']",rbf,SVR,0.21666004607877482,0.1770751973954423,0.9869086939208958,0.058815236849874
289,0.8,3,,0.3,"['val_last_day', 'mean_24h', 'weekday', 'thermal_consumption_kwh']",rbf,SVR,0.21291795619290474,0.18047209350494445,0.8744231591678668,0.040760156820073834
290,0.8,3,,0.3,"['val_last_day', 'mean_24h', 'day_continuous', 'thermal_consumption_kwh']",rbf,SVR,0.22315683949495524,0.17896366728412014,0.9071887567107763,0.04877769849873992
291,0.8,3,,0.3,"['val_last_day', 'month', 'hour', 'thermal_consumption_kwh']",rbf,SVR,0.21482931754274873,0.17117237639510624,1.160933046096804,0.09018973348653214
292,0.8,3,,0.3,"['val_last_day', 'month', 'weekday', 'thermal_consumption_kwh']",rbf,SVR,0.2084954249896251,0.18192512916600384,0.9125463548190432,0.03303702537863995
293,0.8,3,,0.3,"['val_last_day', 'month', 'day_continuous', 'thermal_consumption_kwh']",rbf,SVR,0.2083832060590064,0.1810612912278365,0.8830201319844656,0.03762847080517506
294,0.8,3,,0.3,"['val_last_day', 'hour', 'weekday', 'thermal_consumption_kwh']",rbf,SVR,0.20919684723554485,0.17771561791136903,0.8605789464968382,0.05541129298611025
295,0.8,3,,0.3,"['val_last_day', 'hour', 'day_continuous', 'thermal_consumption_kwh']",rbf,SVR,0.20927802742382362,0.1776115069286507,0.86910368742779,0.055964660550017364
296,0.8,3,,0.3,"['val_last_day', 'weekday', 'day_continuous', 'thermal_consumption_kwh']",rbf,SVR,0.21183434777055404,0.18217601283867535,0.9531971730209718,0.031703536027704815
297,0.8,3,,0.3,"['val_last_week', 'mean_24h', 'month', 'thermal_consumption_kwh']",rbf,SVR,0.2085637333662649,0.18360896086836012,0.9549001061087958,0.024087173760359848
298,0.8,3,,0.3,"['val_last_week', 'mean_24h', 'hour', 'thermal_consumption_kwh']",rbf,SVR,0.21614320897767986,0.17870840966944587,0.9390562000680603,0.05013443609464929
299,0.8,3,,0.3,"['val_last_week', 'mean_24h', 'weekday', 'thermal_consumption_kwh']",rbf,SVR,0.21419916946852002,0.18503630825195905,1.0179842822570953,0.016500579878634958
300,0.8,3,,0.3,"['val_last_week', 'mean_24h', 'day_continuous', 'thermal_consumption_kwh']",rbf,SVR,0.2253966513352026,0.18326693126218627,0.9881665640839867,0.025905119235570484
301,0.8,3,,0.3,"['val_last_week', 'month', 'hour', 'thermal_consumption_kwh']",rbf,SVR,0.2191977615537678,0.17089863200890812,1.2875289591546655,0.09164473141440233
302,0.8,3,,0.3,"['val_last_week', 'month', 'weekday', 'thermal_consumption_kwh']",rbf,SVR,0.2151216250551374,0.18668883428698324,1.037694112288306,0.00771712320175022
303,0.8,3,,0.3,"['val_last_week', 'month', 'day_continuous', 'thermal_consumption_kwh']",rbf,SVR,0.20814677381074762,0.18466132528553023,0.9578551616772745,0.018493678063105534
304,0.8,3,,0.3,"['val_last_week', 'hour', 'weekday', 'thermal_consumption_kwh']",rbf,SVR,0.209931018516661,0.17883522849505643,0.8909830198567301,0.04946037248720525
305,0.8,3,,0.3,"['val_last_week', 'hour', 'day_continuous', 'thermal_consumption_kwh']",rbf,SVR,0.21097885648950102,0.17941831572324388,0.9044688702176882,0.046361164789969544
306,0.8,3,,0.3,"['val_last_week', 'weekday', 'day_continuous', 'thermal_consumption_kwh']",rbf,SVR,0.21343035149528797,0.18460585822290249,0.995552198194529,0.018788494926053056
307,0.8,3,,0.3,"['mean_24h', 'month', 'hour', 'thermal_consumption_kwh']",rbf,SVR,0.22284415324632847,0.17037028971646212,1.3934238634173282,0.09445296047579643
308,0.8,3,,0.3,"['mean_24h', 'month', 'weekday', 'thermal_consumption_kwh']",rbf,SVR,0.20224802485936508,0.18945544684530674,1.050008918759331,-0.006987892654416683
309,0.8,3,,0.3,"['mean_24h', 'month', 'day_continuous', 'thermal_consumption_kwh']",rbf,SVR,0.2018503617355992,0.18959002475564887,1.0669529390853256,-0.007703197115649152
310,0.8,3,,0.3,"['mean_24h', 'hour', 'weekday', 'thermal_consumption_kwh']",rbf,SVR,0.21482282008179931,0.17808599396136499,0.919048063034157,0.05344268134529728
311,0.8,3,,0.3,"['mean_24h', 'hour', 'day_continuous', 'thermal_consumption_kwh']",rbf,SVR,0.21560775679068603,0.17827641270794947,0.9305981464207995,0.052430573350843224
312,0.8,3,,0.3,"['mean_24h', 'weekday', 'day_continuous', 'thermal_consumption_kwh']",rbf,SVR,0.20191738531340667,0.1896125222188291,1.0658698859278444,-0.00782277495526884
313,0.8,3,,0.3,"['month', 'hour', 'weekday', 'thermal_consumption_kwh']",rbf,SVR,0.22319804508106456,0.17426188369410833,1.3157643438105395,0.07376847721669899
314,0.8,3,,0.3,"['month', 'hour', 'day_continuous', 'thermal_consumption_kwh']",rbf,SVR,0.2205691037867171,0.17061742085773196,1.3426442682696844,0.09313941646689927
315,0.8,3,,0.3,"['month', 'weekday', 'day_continuous', 'thermal_consumption_kwh']",rbf,SVR,0.2020547315936588,0.18961557420192277,1.0572650255195963,-0.007838996764011119
316,0.8,3,,0.3,"['hour', 'weekday', 'day_continuous', 'thermal_consumption_kwh']",rbf,SVR,0.20994411277126154,0.1789516889414162,0.8713027303491111,0.048841365425596805
317,0.8,3,,0.3,"['val_last_day', 'val_last_week', 'mean_24h', 'month', 'thermal_consumption_kwh']",rbf,SVR,0.2086613145825904,0.1814691625897972,0.9007267878007245,0.03546056520998653
318,0.8,3,,0.3,"['val_last_day', 'val_last_week', 'mean_24h', 'hour', 'thermal_consumption_kwh']",rbf,SVR,0.21582097988199747,0.17723385165198532,0.9447099848926966,0.057971962517479936
319,0.8,3,,0.3,"['val_last_day', 'val_last_week', 'mean_24h', 'weekday', 'thermal_consumption_kwh']",rbf,SVR,0.21586995427356925,0.17884433179721693,0.9194891091200286,0.04941198688936976
320,0.8,3,,0.3,"['val_last_day', 'val_last_week', 'mean_24h', 'day_continuous', 'thermal_consumption_kwh']",rbf,SVR,0.22578877770137754,0.1782546837688073,0.9821660904848035,0.05254606635461134
321,0.8,3,,0.3,"['val_last_day', 'val_last_week', 'month', 'hour', 'thermal_consumption_kwh']",rbf,SVR,0.21592608270870503,0.1713097843911682,1.187949034766828,0.08945938663880448
322,0.8,3,,0.3,"['val_last_day', 'val_last_week', 'month', 'weekday', 'thermal_consumption_kwh']",rbf,SVR,0.21467797057248122,0.18233579090399687,0.9448829512116634,0.030854288460692936
323,0.8,3,,0.3,"['val_last_day', 'val_last_week', 'month', 'day_continuous', 'thermal_consumption_kwh']",rbf,SVR,0.209971448466944,0.18079225154733644,0.9094184645461991,0.0390584624228264
324,0.8,3,,0.3,"['val_last_day', 'val_last_week', 'hour', 'weekday', 'thermal_consumption_kwh']",rbf,SVR,0.2091676079881307,0.1780098914606806,0.8893504151199856,0.05384717906793324
325,0.8,3,,0.3,"['val_last_day', 'val_last_week', 'hour', 'day_continuous', 'thermal_consumption_kwh']",rbf,SVR,0.20918883504156563,0.17814275563186602,0.8969159361873941,0.05314098342152085
326,0.8,3,,0.3,"['val_last_day', 'val_last_week', 'weekday', 'day_continuous', 'thermal_consumption_kwh']",rbf,SVR,0.21048207837870936,0.17845266199245596,0.9576759118380945,0.05149377845503866
327,0.8,3,,0.3,"['val_last_day', 'mean_24h', 'month', 'hour', 'thermal_consumption_kwh']",rbf,SVR,0.22280634571179098,0.17070912510703118,1.3702260179172614,0.09265199279929315
328,0.8,3,,0.3,"['val_last_day', 'mean_24h', 'month', 'weekday', 'thermal_consumption_kwh']",rbf,SVR,0.20556419972506718,0.18224923950916858,0.9051679813519654,0.03131432383120203
329,0.8,3,,0.3,"['val_last_day', 'mean_24h', 'month', 'day_continuous', 'thermal_consumption_kwh']",rbf,SVR,0.2052816964654782,0.18157547766095397,0.8849159279705444,0.03489548254150587
330,0.8,3,,0.3,"['val_last_day', 'mean_24h', 'hour', 'weekday', 'thermal_consumption_kwh']",rbf,SVR,0.21502618191375755,0.17638444209164764,0.9828037730204165,0.0624867186641499
331,0.8,3,,0.3,"['val_last_day', 'mean_24h', 'hour', 'day_continuous', 'thermal_consumption_kwh']",rbf,SVR,0.2160939684775312,0.1768893531554896,0.9873943344713954,0.059803030564270276
332,0.8,3,,0.3,"['val_last_day', 'mean_24h', 'weekday', 'day_continuous', 'thermal_consumption_kwh']",rbf,SVR,0.21376749987797058,0.18063224913699383,0.8755310985645469,0.039908902421746606
333,0.8,3,,0.3,"['val_last_day', 'month', 'hour', 'weekday', 'thermal_consumption_kwh']",rbf,SVR,0.22191187297947512,0.174555704688323,1.2509496134679723,0.07220676870576126
334,0.8,3,,0.3,"['val_last_day', 'month', 'hour', 'day_continuous', 'thermal_consumption_kwh']",rbf,SVR,0.21576075119631422,0.17116578521806122,1.2030589461163494,0.09022476671251323
335,0.8,3,,0.3,"['val_last_day', 'month', 'weekday', 'day_continuous', 'thermal_consumption_kwh']",rbf,SVR,0.20695534612468408,0.18330399411744575,0.9239893415716007,0.025708123862067223
336,0.8,3,,0.3,"['val_last_day', 'hour', 'weekday', 'day_continuous', 'thermal_consumption_kwh']",rbf,SVR,0.20906080406020974,0.1780039842909025,0.8697229592358982,0.053878576679062706
337,0.8,3,,0.3,"['val_last_week', 'mean_24h', 'month', 'hour', 'thermal_consumption_kwh']",rbf,SVR,0.22322449402709865,0.17090762588738703,1.3888618682474492,0.09159692742202796
338,0.8,3,,0.3,"['val_last_week', 'mean_24h', 'month', 'weekday', 'thermal_consumption_kwh']",rbf,SVR,0.2148405424016612,0.18659290356916589,1.0314648362585312,0.008227011267700646
339,0.8,3,,0.3,"['val_last_week', 'mean_24h', 'month', 'day_continuous', 'thermal_consumption_kwh']",rbf,SVR,0.20888967493531244,0.1840349098746405,0.9630062859122399,0.02182318241382053
340,0.8,3,,0.3,"['val_last_week', 'mean_24h', 'hour', 'weekday', 'thermal_consumption_kwh']",rbf,SVR,0.21498248379731194,0.17832871739716305,0.9171172678012465,0.05215256503994925
341,0.8,3,,0.3,"['val_last_week', 'mean_24h', 'hour', 'day_continuous', 'thermal_consumption_kwh']",rbf,SVR,0.21609860416120477,0.17860002129210223,0.9320343163009891,0.05071053873781384
342,0.8,3,,0.3,"['val_last_week', 'mean_24h', 'weekday', 'day_continuous', 'thermal_consumption_kwh']",rbf,SVR,0.21820506297669412,0.18510026566749935,1.011655048717085,0.016160635347258423
343,0.8,3,,0.3,"['val_last_week', 'month', 'hour', 'weekday', 'thermal_consumption_kwh']",rbf,SVR,0.22506851586838447,0.17477168641201932,1.2908033381061332,0.07105878914424224
344,0.8,3,,0.3,"['val_last_week', 'month', 'hour', 'day_continuous', 'thermal_consumption_kwh']",rbf,SVR,0.22167220605480534,0.17155858990461334,1.3049316396135644,0.08813694305728281
345,0.8,3,,0.3,"['val_last_week', 'month', 'weekday', 'day_continuous', 'thermal_consumption_kwh']",rbf,SVR,0.21286058868307378,0.1868898271659869,1.0465234223227653,0.006648811896709295
346,0.8,3,,0.3,"['val_last_week', 'hour', 'weekday', 'day_continuous', 'thermal_consumption_kwh']",rbf,SVR,0.21011022460468742,0.1791653554744528,0.896073969330148,0.04770569149583648
347,0.8,3,,0.3,"['mean_24h', 'month', 'hour', 'weekday', 'thermal_consumption_kwh']",rbf,SVR,0.2230585153033626,0.17186330017750123,1.3719750226881082,0.08651735617986733
348,0.8,3,,0.3,"['mean_24h', 'month', 'hour', 'day_continuous', 'thermal_consumption_kwh']",rbf,SVR,0.2239531548422414,0.1709679928892803,1.4044516146634287,0.09127606654927611
349,0.8,3,,0.3,"['mean_24h', 'month', 'weekday', 'day_continuous', 'thermal_consumption_kwh']",rbf,SVR,0.2021755680860099,0.1894759598443161,1.052728788868539,-0.007096922729763699
350,0.8,3,,0.3,"['mean_24h', 'hour', 'weekday', 'day_continuous', 'thermal_consumption_kwh']",rbf,SVR,0.21463806746357758,0.178471293260943,0.9044722498389473,0.05139475009716554
351,0.8,3,,0.3,"['month', 'hour', 'weekday', 'day_continuous', 'thermal_consumption_kwh']",rbf,SVR,0.22817690711979147,0.17575334643253912,1.3599655630837406,0.0658410993294255
352,0.8,3,,0.3,"['val_last_day', 'val_last_week', 'mean_24h', 'month', 'hour', 'thermal_consumption_kwh']",rbf,SVR,0.22415811811192465,0.17135869223997657,1.3719016336347296,0.08919943311186262
353,0.8,3,,0.3,"['val_last_day', 'val_last_week', 'mean_24h', 'month', 'weekday', 'thermal_consumption_kwh']",rbf,SVR,0.21013017762374203,0.1825628439056801,0.9443316790901661,0.029647463175418776
354,0.8,3,,0.3,"['val_last_day', 'val_last_week', 'mean_24h', 'month', 'day_continuous', 'thermal_consumption_kwh']",rbf,SVR,0.20592221416693407,0.18077461453865518,0.9117335322244446,0.039152206120885324
355,0.8,3,,0.3,"['val_last_day', 'val_last_week', 'mean_24h', 'hour', 'weekday', 'thermal_consumption_kwh']",rbf,SVR,0.2155502115319586,0.17728186866183113,0.9354914480202289,0.05771674395099724
356,0.8,3,,0.3,"['val_last_day', 'val_last_week', 'mean_24h', 'hour', 'day_continuous', 'thermal_consumption_kwh']",rbf,SVR,0.21564244137568506,0.1772622191675837,0.9433098532336445,0.057821184351806054
357,0.8,3,,0.3,"['val_last_day', 'val_last_week', 'mean_24h', 'weekday', 'day_continuous', 'thermal_consumption_kwh']",rbf,SVR,0.21860345574246934,0.17905618362162484,0.9248998661286655,0.048285958444330035
358,0.8,3,,0.3,"['val_last_day', 'val_last_week', 'month', 'hour', 'weekday', 'thermal_consumption_kwh']",rbf,SVR,0.22611437681204072,0.17530026632528556,1.318144986619567,0.06824929708781158
359,0.8,3,,0.3,"['val_last_day', 'val_last_week', 'month', 'hour', 'day_continuous', 'thermal_consumption_kwh']",rbf,SVR,0.21637068006368676,0.17162021765348218,1.189132948877457,0.08780938110012704
360,0.8,3,,0.3,"['val_last_day', 'val_last_week', 'month', 'weekday', 'day_continuous', 'thermal_consumption_kwh']",rbf,SVR,0.21145582053001777,0.18260435675773054,0.9617034412367311,0.029426815312818544
361,0.8,3,,0.3,"['val_last_day', 'val_last_week', 'hour', 'weekday', 'day_continuous', 'thermal_consumption_kwh']",rbf,SVR,0.2093508419906073,0.17821088716607172,0.8984369969646527,0.052778852740162474
362,0.8,3,,0.3,"['val_last_day', 'mean_24h', 'month', 'hour', 'weekday', 'thermal_consumption_kwh']",rbf,SVR,0.22422606547737212,0.17185080388171983,1.3867326906807325,0.08658377611534263
363,0.8,3,,0.3,"['val_last_day', 'mean_24h', 'month', 'hour', 'day_continuous', 'thermal_consumption_kwh']",rbf,SVR,0.22336997183590315,0.17102071403346217,1.3719348187648723,0.09099584470946076
364,0.8,3,,0.3,"['val_last_day', 'mean_24h', 'month', 'weekday', 'day_continuous', 'thermal_consumption_kwh']",rbf,SVR,0.2053092527840945,0.18284161931313278,0.9153846129380323,0.028165724514698787
365,0.8,3,,0.3,"['val_last_day', 'mean_24h', 'hour', 'weekday', 'day_continuous', 'thermal_consumption_kwh']",rbf,SVR,0.21575455660267,0.17686417894984563,0.9839859462515237,0.05993683574492237
366,0.8,3,,0.3,"['val_last_day', 'month', 'hour', 'weekday', 'day_continuous', 'thermal_consumption_kwh']",rbf,SVR,0.22079804604495834,0.1742706593420951,1.2540652281554217,0.07372183315647263
367,0.8,3,,0.3,"['val_last_week', 'mean_24h', 'month', 'hour', 'weekday', 'thermal_consumption_kwh']",rbf,SVR,0.22381867613493753,0.17313323690790514,1.3131891722393267,0.07976742666742631
368,0.8,3,,0.3,"['val_last_week', 'mean_24h', 'month', 'hour', 'day_continuous', 'thermal_consumption_kwh']",rbf,SVR,0.2244082383566094,0.1713097958895244,1.3921365115673872,0.08945932552308744
369,0.8,3,,0.3,"['val_last_week', 'mean_24h', 'month', 'weekday', 'day_continuous', 'thermal_consumption_kwh']",rbf,SVR,0.21472192128649634,0.18699410321900653,1.0473254858157501,0.006094566956101555
370,0.8,3,,0.3,"['val_last_week', 'mean_24h', 'hour', 'weekday', 'day_continuous', 'thermal_consumption_kwh']",rbf,SVR,0.21331094266083128,0.1782230222110931,0.9099761415857129,0.052714352913861284
371,0.8,3,,0.3,"['val_last_week', 'month', 'hour', 'weekday', 'day_continuous', 'thermal_consumption_kwh']",rbf,SVR,0.227600619160236,0.175403261978805,1.3553360766512186,0.06770185768811576
372,0.8,3,,0.3,"['mean_24h', 'month', 'hour', 'weekday', 'day_continuous', 'thermal_consumption_kwh']",rbf,SVR,0.22740242869220276,0.1732065659751468,1.4308898202104277,0.07937767021480602
373,0.8,3,,0.3,"['val_last_day', 'val_last_week', 'mean_24h', 'month', 'hour', 'weekday', 'thermal_consumption_kwh']",rbf,SVR,0.22580171555478978,0.1730531055950253,1.3476478675675805,0.08019333821146524
374,0.8,3,,0.3,"['val_last_day', 'val_last_week', 'mean_24h', 'month', 'hour', 'day_continuous', 'thermal_consumption_kwh']",rbf,SVR,0.22519902276907622,0.1718059984100702,1.3750819936482244,0.08682192481060125
375,0.8,3,,0.3,"['val_last_day', 'val_last_week', 'mean_24h', 'month', 'weekday', 'day_continuous', 'thermal_consumption_kwh']",rbf,SVR,0.2108590412718315,0.18347691670096417,0.9684012353035716,0.024789010947294465
376,0.8,3,,0.3,"['val_last_day', 'val_last_week', 'mean_24h', 'hour', 'weekday', 'day_continuous', 'thermal_consumption_kwh']",rbf,SVR,0.21615914645356132,0.1773480803640221,0.9534289863948071,0.05736481750301925
377,0.8,3,,0.3,"['val_last_day', 'val_last_week', 'month', 'hour', 'weekday', 'day_continuous', 'thermal_consumption_kwh']",rbf,SVR,0.22308381491177884,0.17454241721882993,1.2760210632983615,0.07227739386395182
378,0.8,3,,0.3,"['val_last_day', 'mean_24h', 'month', 'hour', 'weekday', 'day_continuous', 'thermal_consumption_kwh']",rbf,SVR,0.22568232154184104,0.17327980081938688,1.3696964256035844,0.07898841457344996
379,0.8,3,,0.3,"['val_last_week', 'mean_24h', 'month', 'hour', 'weekday', 'day_continuous', 'thermal_consumption_kwh']",rbf,SVR,0.2273616915507924,0.1741659802521662,1.3583848787152135,0.07427822030673781
380,0.8,3,,0.3,"['val_last_day', 'val_last_week', 'mean_24h', 'month', 'hour', 'weekday', 'day_continuous', 'thermal_consumption_kwh']",rbf,SVR,0.22395966593337027,0.173373733181254,1.3068723379032123,0.07848914810893992
